time,tag_id,distance,bearing
1782920759.6392124,33,1.253604,-0.391706
1782920759.6392124,32,1.097682,0.068611
1782920759.6725416,33,1.253604,-0.391706
1782920759.6725416,32,1.116087,0.067659
1782920759.7058694,33,1.253604,-0.391706
1782920759.7058694,32,1.116087,0.067659
1782920759.7725275,33,1.253604,-0.391706
1782920759.7725275,32,1.091241,0.067547
1782920759.8058553,33,1.253604,-0.391706
1782920759.8058553,32,1.097682,0.068611
1782920761.238987,33,1.291958,-0.394321
1782920761.238987,32,1.070443,0.070447
1782920762.738776,33,1.248426,-0.397770
1782920762.738776,32,1.030894,0.069774
1782920764.6250412,40,0.275604,0.121273
1782920766.391459,40,0.287005,-0.075284
1782920770.8908248,40,0.287005,-0.075284
1782920771.8573558,40,0.287005,-0.075284
1782920775.9901407,40,0.287005,-0.075284
1782920781.05605,40,0.287005,-0.075284
1782920782.155892,40,0.287005,-0.075284
1782920782.9557798,40,0.287005,-0.075284
1782920784.1222816,40,0.287005,-0.075284
1782920785.4554276,40,0.287005,-0.075284
1782920786.755245,40,0.287005,-0.075284
1782920788.0217333,40,0.287005,-0.075284
1782920788.9216254,40,0.287921,-0.076042
1782920790.121456,40,0.289311,-0.077149
1782920791.3212879,40,0.289311,-0.077149
1782920792.5544472,40,0.288931,-0.072161
1782920793.820936,40,0.288931,-0.072161
1782920795.020767,40,0.288931,-0.072161
1782920796.2205975,40,0.288931,-0.072161
1782920797.420478,40,0.288931,-0.072161
1782920798.3870087,40,0.287919,-0.074948
1782920799.3202112,40,0.289311,-0.077149
1782920800.2534137,40,0.289311,-0.077149
1782920801.0532997,40,0.286032,0.094488
1782920802.2531312,40,0.284249,0.114477
1782920803.0530186,40,0.279995,-0.181559
1782920807.2192745,3,0.377076,0.309063
1782920808.4524343,3,0.332432,-0.276126
1782920810.8520966,33,1.072035,0.085280
1782920812.051876,33,1.309280,-0.402009
1782920812.7851055,33,1.288948,-0.400440
1782920812.7851055,32,1.029734,0.057168
1782920813.9516077,33,1.278452,-0.401495
1782920813.9516077,32,1.023527,0.052587
1782920815.051453,33,1.269258,-0.405605
1782920815.051453,32,0.954998,0.055007
1782920816.0846431,32,0.899913,0.058914
1782920817.2178144,32,0.819085,0.063145
1782920818.051031,32,0.775143,0.067646
1782920819.2841907,32,0.692573,0.077184
1782920819.9840922,32,0.650415,0.079975
1782920821.183901,32,0.550401,0.090173
1782920822.3504028,32,0.438033,0.111060
1782920823.6168911,32,0.384597,0.144792
1782920824.7500648,32,0.350652,0.156830
1782920825.8499107,32,0.335522,0.020598
1782920826.8497696,32,0.346400,-0.072971
1782920827.5830026,32,0.335279,0.085088
1782920828.8828743,33,0.810301,-0.390774
1782920831.3825219,33,0.808913,0.386377
1782920832.6156824,33,0.816143,0.393049
1782920844.3473892,23,1.406197,-0.367242
1782920846.14725,57,1.278955,-0.288058
1782920846.980466,23,1.487623,0.107473
1782920846.980466,57,1.325433,-0.286488
1782920848.1802967,23,1.430709,0.109545
1782920848.1802967,57,1.424835,-0.296872
1782920849.346799,23,1.434392,0.112287
1782920849.346799,57,1.457511,-0.302175
1782920850.080029,23,1.341862,0.115924
1782920850.080029,57,1.326253,-0.299192
1782920850.77993,23,1.378936,0.114931
1782920851.9464335,23,1.018760,-0.192533
1782920852.6463332,23,1.385266,-0.379336
1782920859.212037,32,0.528120,0.308021
1782920860.4118674,32,0.650512,0.021223
1782920863.9447038,40,0.998734,0.375056
1782920865.1112056,40,1.093118,0.045883
1782920866.3110368,40,0.863836,-0.334213
1782920870.5438075,41,0.989045,0.344346
1782920871.2770374,41,0.994123,0.342813
1782920872.4102108,41,0.962793,0.344573
1782920875.309816,41,0.955666,0.351449
1782920876.1763601,41,0.938024,0.353629
1782920877.042905,41,0.938024,0.353629
1782920877.8761225,41,0.938024,0.353629
1782920878.5760224,41,0.938024,0.353629
1782920879.742525,41,0.938024,0.353629
1782920880.6090698,41,0.938024,0.353629
1782920881.3089707,41,0.962164,0.352306
1782920882.4088166,41,0.955666,0.351449
1782920883.4754577,41,0.955666,0.351449
1782920884.475317,41,0.968432,0.351623
1782920885.3418617,41,0.947435,0.351055
1782920886.1750774,41,0.963759,0.350402
1782920887.3082511,41,0.963759,0.350402
1782920888.441425,41,0.982644,0.350125
1782920889.6079276,41,0.982644,0.350125
1782920890.7743666,41,0.947435,0.351055
1782920891.940869,41,0.947435,0.351055
1782920893.1406999,41,0.947022,0.350301
1782920893.907259,41,0.947022,0.350301
1782920895.073761,41,0.947022,0.350301
1782920896.206935,41,0.947435,0.351055
1782920897.30678,41,0.947435,0.351055
1782920898.5399396,41,0.947435,0.351055
1782920899.7064917,41,0.927432,0.356630
1782920900.6396928,41,0.919252,0.359866
1782920901.4062524,41,0.837221,0.296570
1782920902.572754,41,1.015413,0.373086
1782920904.9724166,27,0.705404,-0.368019
1782920906.2055764,27,0.700377,-0.370669
1782920907.3721967,27,0.701421,-0.376304
1782920908.5053704,27,0.693468,-0.381323
1782920909.7052014,27,0.682174,-0.386329
1782920910.8050468,27,0.700430,-0.391533
1782920935.8348143,32,0.893428,-0.212735
1782920936.9346595,33,1.063339,-0.367678
1782920938.0679646,33,1.079701,-0.054842
1782920938.8345237,33,0.828422,0.156847
1782920939.5344248,33,0.944429,0.347555
1782920940.267655,33,1.308047,0.403327
1782920943.467204,31,0.860421,-0.289510
1782920944.2004347,41,0.780505,-0.395731
1782920944.2004347,31,1.324495,-0.047296
1782920945.4002662,31,1.373627,-0.035982
1782920946.7000868,41,0.772974,-0.396113
1782920946.7000868,31,1.308816,-0.034185
1782920947.8665888,31,1.257783,-0.037968
1782920949.1997344,31,1.208969,-0.040349
1782920950.366237,31,1.175518,-0.045156
1782920951.1327956,31,1.123874,-0.046837
1782920952.7992282,31,1.083886,-0.053015
1782920954.0660017,31,1.017987,-0.054530
1782920955.2325037,31,0.983082,-0.059596
1782920956.4323347,31,0.944310,-0.062344
1782920957.5988371,31,0.944310,-0.062344
1782920958.7986686,31,0.944310,-0.062344
1782920959.9318416,31,0.944310,-0.062344
1782920960.8317153,31,0.944310,-0.062344
1782920961.5979629,31,0.960633,-0.062360
1782920962.4645073,31,0.951117,-0.062401
1782920963.6310098,31,0.951117,-0.062401
1782920964.897498,31,0.960633,-0.062360
1782920966.1306572,31,0.944310,-0.062344
1782920967.2971597,31,0.944310,-0.062344
1782920968.5303195,31,0.944310,-0.062344
1782920969.6968143,31,0.944310,-0.062344
1782920970.8633165,31,0.920865,-0.065154
1782920971.9964898,31,0.876900,-0.070321
1782920973.3629646,31,0.826453,-0.077323
1782920974.5294669,31,0.781282,-0.081477
1782920975.2293687,31,0.756357,-0.084796
1782920976.3625417,31,0.698891,-0.089077
1782920977.495969,31,0.741273,-0.088097
1782920978.2291982,31,0.741273,-0.088097
1782920979.42903,31,0.666054,0.114001
1782920980.562205,31,0.821284,0.382006
1782920985.6613712,27,0.719176,0.345670
1782920989.5941508,31,0.948078,-0.400213
1782920990.3940375,31,0.769119,-0.020549
1782920991.527213,31,0.615836,0.143469
1782920992.660404,31,0.534473,0.159045
1782920993.7935777,31,0.479973,0.172226
1782920994.9600809,31,0.464711,0.181373
1782920996.0932546,31,0.459847,0.183022
1782920997.22643,31,0.441304,0.193724
1782920998.39293,31,0.407817,0.212831
1782920999.592762,31,0.360659,0.237722
1782920999.592762,57,0.530846,0.386645
1782921000.792656,31,0.345013,0.278965
1782921003.125661,31,0.268503,0.198906
1782921004.258834,31,0.319718,-0.085672
1782921016.2238283,57,0.823097,-0.140644
1782921017.3903303,57,0.850537,0.119543
1782921018.490175,57,0.632987,0.260933
1782921019.5900202,57,0.645560,0.277011
1782921020.7565234,57,0.743539,0.351298
1782921021.889697,57,0.820149,0.382124
1782921023.0228703,57,0.858304,0.388760
1782921026.622396,43,0.756577,-0.397695
1782921027.5889263,43,0.662369,-0.376506
1782921028.5554574,43,0.578258,-0.286542
1782921029.5219877,43,0.546800,-0.175518
1782921030.45519,43,0.546800,-0.175518
1782921031.1550915,43,0.546800,-0.175518
1782921032.1550014,43,0.546800,-0.175518
1782921032.8549006,43,0.546800,-0.175518
1782921034.1880457,43,0.546800,-0.175518
1782921034.9212766,43,0.546800,-0.175518
1782921036.0211213,43,0.462878,-0.237619
1782921037.1542947,43,0.655463,-0.103493
1782921038.2874687,43,0.484202,0.199667
1782921039.3206573,43,0.511441,0.189030
1782921040.3872838,43,0.511441,0.189030
1782921041.5204568,43,0.511441,0.189030
1782921042.6536305,43,0.511441,0.189030
1782921043.3202033,43,0.511441,0.189030
1782921044.5200348,43,0.511441,0.189030
1782921045.6865373,43,0.511441,0.189030
1782921046.4197671,43,0.511441,0.189030
1782921047.152998,43,0.511441,0.189030
1782921047.8528438,43,0.511441,0.189030
1782921048.9860182,43,0.456767,0.207594
1782921049.685919,43,0.446167,0.213469
1782921050.3524916,43,0.426796,0.220909
1782921051.4856653,43,0.418387,0.226328
1782921052.185567,43,0.412171,0.228135
1782921052.8521392,43,0.412171,0.228135
1782921053.552041,43,0.412171,0.228135
1782921054.718543,43,0.412171,0.228135
1782921055.4184444,43,0.412171,0.228135
1782921056.1184928,43,0.418757,0.238211
1782921056.8183935,43,0.422656,0.257846
1782921057.5182948,43,0.373541,0.290209
1782921058.1848674,43,0.341120,0.309516
1782921058.9180977,43,0.338736,0.349788
1782921060.3512297,43,0.349925,0.358646
1782921061.55106,43,0.326699,0.087424
1782921062.3176196,43,0.300459,-0.121664
1782921063.0175204,43,0.333506,-0.289887
1782921063.817408,43,0.407031,-0.389456
1782921073.6160016,43,0.290876,-0.265188
1782921074.2492452,43,0.251751,-0.004943
1782921074.9158187,43,0.246939,0.103697
1782921075.5490625,43,0.272640,0.186659
1782921076.215636,43,0.297226,0.301292
1782921084.3145494,45,1.189330,-0.388939
1782921085.014451,45,0.663897,-0.258820
1782921085.7143524,45,1.183525,-0.036373
1782921086.4142544,45,1.097788,0.142909
1782921087.6140807,45,1.320217,0.405287
1782921088.3473108,45,1.320217,0.405287
1782921089.1471987,45,1.321699,0.406807
1782921089.8471003,45,1.325800,0.408317
1782921097.679373,57,0.327983,-0.076886
1782921098.4126015,57,0.328713,0.118525
1782921109.7111113,45,0.626836,0.402135
1782921121.9094417,45,0.285428,0.192357
1782921122.7093284,45,0.310748,0.259745
1782921141.739991,27,1.470699,0.162499
1782921143.106466,27,0.894130,0.218814
1782921143.77302,27,0.745981,0.254173
1782921144.5062504,27,1.116386,0.354791
1782921150.072133,23,0.644626,-0.371949
1782921150.8053641,23,0.625962,-0.384286
1782921154.7715352,42,1.190253,0.267970
1782921176.035209,19,1.323352,0.331276
1782921183.1010318,35,1.023598,0.395235
1782921183.1010318,39,1.365115,0.165428
1782921183.800933,39,1.162717,0.182049
1782921185.0674217,39,0.793833,0.219013
1782921185.0674217,53,1.476862,-0.376895
1782921186.26717,39,0.704505,0.255391
1782921186.26717,53,1.437979,-0.385364
1782921187.0004003,39,0.752977,0.271130
1782921187.0004003,53,1.471263,-0.383420
1782921187.666973,53,1.055378,-0.215123
1782921191.6330812,48,0.844438,-0.329007
1782921192.6995978,48,0.839403,0.323587
1782921193.8661494,23,0.904263,-0.343030
1782921195.0326524,23,0.877681,0.297040
1782921196.1991546,28,0.350595,0.115915
1782921198.965431,35,0.561245,-0.002253
1782921199.8653045,35,0.675035,0.384785
1782921200.6985204,39,1.210785,0.081178
1782921202.1316533,39,1.173014,0.086397
1782921202.96489,39,1.097703,0.090056
1782921204.1980498,39,0.988260,0.097730
1782921205.4645379,39,0.866123,0.112443
1782921206.9643273,39,0.696484,0.133133
1782921210.0972204,39,0.681845,0.006663
1782921213.3301404,35,0.305958,0.036604
1782921214.2300138,35,0.489637,-0.376258
1782921219.3293476,53,0.905405,0.357118
1782921219.3293476,52,1.279874,-0.157219
1782921220.929123,39,0.569685,0.265058
1782921222.1622822,39,0.631034,0.072185
1782921222.8621838,39,0.596137,0.071320
1782921223.5954134,39,0.535061,0.075209
1782921224.3286436,39,0.483169,0.080068
1782921225.5284746,39,0.439200,0.110298
1782921226.2950363,39,0.415135,0.117027
1782921227.0284898,39,0.393216,0.122864
1782921227.7950516,39,0.372612,0.128114
1782921229.0615377,39,0.346063,0.144168
1782921240.1597614,53,0.743311,0.369415
1782921240.1597614,52,1.422946,0.019849
1782921240.826334,52,1.429333,0.017519
1782921241.6262217,52,1.389784,0.013149
1782921242.959367,53,0.462039,0.386702
1782921242.959367,52,1.238941,0.019876
1782921243.7593575,53,0.662238,0.403654
1782921243.7593575,52,1.142581,0.022350
1782921244.5925734,52,1.042564,0.024933
1782921245.8590622,52,0.861664,0.031862
1782921246.9255788,52,0.689696,0.035579
1782921247.8254516,52,0.685581,0.033020
1782921249.1252701,52,0.585695,-0.293167
1782921249.925156,52,0.870155,-0.386032
1782921252.1249557,53,0.327006,0.351029
1782921253.3914437,53,0.255632,-0.054702
1782921257.3575518,39,0.767763,0.039645
1782921263.123286,86,1.354897,-0.105136
1782921265.156333,52,0.864564,0.386899
1782921265.9228916,52,0.518434,0.165180
1782921266.7561083,52,0.524160,-0.209488
1782921267.5227005,52,0.531437,-0.225959
1782921268.2559307,52,0.707472,-0.342976
1782921268.9891617,52,0.942644,-0.399403
1782921271.0222082,53,0.269187,0.271786
1782921271.8220952,53,0.248875,0.123819
1782921272.5886543,53,0.246836,0.130318
1782921273.4218707,53,0.246836,0.130318
1782921274.6552594,53,0.246614,0.132756
1782921275.4551463,53,0.246614,0.132756
1782921276.2550342,53,0.246836,0.130318
1782921276.988264,53,0.246614,0.132756
1782921278.2547529,53,0.246836,0.130318
1782921278.987982,53,0.246614,0.132756
1782921279.8545272,53,0.246614,0.132756
1782921281.4209733,53,0.246836,0.130318
1782921282.2208602,53,0.246614,0.132756
1782921283.020597,53,0.246614,0.132756
1782921283.9537992,53,0.270033,0.270740
1782921286.3201313,52,0.837618,-0.381041
1782921287.053362,52,0.586948,-0.265853
1782921288.3531783,52,0.717913,-0.006273
1782921289.1530662,52,0.681378,0.000503
1782921289.9862819,52,0.652080,-0.002076
1782921290.686311,52,0.624138,-0.023128
1782921292.1527643,52,0.799818,-0.378680
1782921295.3523142,53,0.237523,0.177637
1782921296.1522012,53,0.237742,0.179951
1782921296.9520888,53,0.237742,0.179951
1782921298.1518118,53,0.237742,0.179951
1782921298.9517,53,0.234387,0.147366
1782921300.184859,53,0.249069,0.011515
1782921301.4513474,53,0.253905,0.235675
1782921306.0840285,52,0.495235,-0.166803
1782921307.3173544,52,0.617908,-0.041936
1782921308.050584,52,0.587286,-0.039260
1782921309.2504148,52,0.472895,-0.043258
1782921310.4502456,52,0.381783,-0.063335
1782921311.250133,52,0.364814,-0.067466
1782921312.083349,52,0.355611,-0.068093
1782921429.867106,35,1.307324,0.363527
1782921430.5670073,35,1.320111,0.368169
1782921431.8668249,35,1.270977,0.384355
1782921431.8668249,39,0.856170,-0.346136
1782921432.5667257,39,0.317870,-0.433972
1782921432.5667257,35,1.231994,0.396323
1782921433.333285,39,0.754840,-0.382328
1782921435.299698,39,0.654626,-0.381914
1782921435.9662707,39,0.612681,-0.361654
1782921438.5992332,28,1.492143,-0.397425
1782921438.5992332,48,1.441437,0.336599
1782921439.3324637,48,1.428966,0.340031
1782921440.065694,28,1.464114,-0.400939
1782921440.065694,48,1.368525,0.343384
1782921440.798924,28,1.459839,-0.407514
1782921441.498825,48,1.341063,0.365152
1782921442.1988442,48,1.351921,0.375933
1782921442.898745,48,1.267904,0.387948
1782921443.7652895,48,1.251099,0.390390
1782921444.5651774,48,1.251099,0.390390
1782921445.798339,48,1.227315,0.102628
1782921445.798339,11,1.402056,-0.215624
1782921446.564896,48,0.654771,-0.248074
1782921447.8313842,19,1.180779,0.007334
1782921449.064544,19,0.915848,-0.163175
1782921449.8311026,19,0.878131,-0.169954
1782921451.064233,19,0.644282,-0.203161
1782921451.7974641,19,0.585891,-0.219734
1782921453.0972805,19,0.577592,-0.246892
1782921453.8638394,19,0.603147,-0.267931
1782921454.5637403,19,0.860774,-0.384992
1782921458.8964686,39,1.350199,0.392722
1782921460.6295583,35,1.171407,0.398473
1782921461.396117,35,0.860513,0.157099
1782921462.1626751,35,0.824556,-0.170130
1782921464.529009,28,1.349482,-0.406205
1782921467.195361,48,1.055169,-0.370507
1782921468.795136,19,0.601057,0.261326
1782921468.795136,42,0.810388,-0.268036
1782921469.7949948,19,0.537923,-0.197828
1782921471.1614687,19,0.228424,-0.361944
1782921473.1945164,19,0.665896,-0.360796
1782921474.127718,19,0.659156,-0.368287
1782921475.0275939,19,0.647610,-0.378317
1782921476.294085,19,0.655447,-0.386849
1782921477.2606168,19,0.604630,-0.384025
1782921478.5937612,19,0.352463,-0.036943
1782921479.393648,19,0.527779,0.343074
1782921480.1602073,42,1.253041,0.377590
1782921481.4266946,48,1.015241,-0.369685
1782921482.1932545,48,1.028777,-0.373478
1782921483.4931893,48,0.966423,-0.387136
1782921484.3930628,48,0.989255,-0.387178
1782921485.3595932,42,1.212952,0.393176
1782921486.2261379,42,1.171602,-0.000319
1782921487.0260258,19,0.451136,0.342832
1782921487.0260258,42,1.081529,-0.379711
1782921488.3258429,19,0.335317,-0.117923
1782921489.059074,19,0.460923,-0.342208
1782921492.5918417,14,0.669810,0.386340
1782921493.7250156,14,0.547648,0.048126
1782921494.991503,14,0.685621,-0.387109
1782921498.6244156,48,0.675814,0.259327
1782921509.8561275,48,0.774755,-0.147751
1782921513.1223347,48,0.774755,-0.147751
1782921519.221507,48,0.776452,-0.147759
1782921520.1547086,48,0.704452,-0.159373
1782921521.4545248,48,0.548675,-0.198038
1782921526.287213,11,1.313364,-0.334408
1782921527.8536582,48,0.354557,-0.165068
1782921528.8868465,48,0.370690,0.179644
1782921528.8868465,8,1.405632,-0.143642
1782921533.6862378,14,1.042489,-0.383633
1782921533.6862378,35,1.471205,0.373003
1782921535.3193412,14,1.154530,0.398329
1782921536.1858861,19,0.703955,-0.027221
1782921538.7856286,42,0.666691,0.191744
1782921542.4517782,8,1.336280,0.376936
1782921543.7849238,8,1.329246,0.379248
1782921545.3846989,8,1.259953,0.393881
1782921549.1173472,28,1.202518,-0.398722
1782921550.1505346,28,1.195533,-0.402216
1782921550.1505346,23,0.981649,0.341232
1782921553.4500704,41,1.495985,-0.307300
1782921555.0499923,23,0.824616,0.387853
1782921560.449232,8,0.770624,-0.178486
1782921561.449091,11,1.105588,0.300006
1782921566.081734,11,0.929151,0.380637
1782921567.348223,11,0.759769,0.335979
1782921576.8136158,11,0.916855,-0.375910
1782921578.1467617,11,0.595871,0.198856
1782921582.1461952,11,0.518222,0.277946
1782921587.2121484,6,0.848658,0.393249
1782921596.677779,28,1.072996,0.377645
1782921597.37768,28,1.057178,0.384754
1782921598.0775816,28,1.029089,0.392435
1782921599.3440695,28,0.996121,0.404803
1782921601.3104594,35,1.020148,0.366833
1782921602.1436753,35,1.018729,0.375916
1782921604.24338,14,0.922194,-0.309317
1782921605.0097787,14,1.234349,-0.053832
1782921606.4762387,14,1.021674,0.361765
1782921606.4762387,19,1.344722,-0.374784
1782921607.2094688,14,1.417686,0.408301
1782921607.2094688,19,1.187712,-0.171744
1782921608.3426425,19,1.384123,0.123380
1782921608.3426425,42,1.298296,-0.401868
1782921609.6757882,19,1.090773,0.309762
1782921609.6757882,42,1.407565,-0.361888
1782921610.4423492,19,1.113423,0.320813
1782921610.4423492,42,1.407565,-0.361888
1782921611.642178,19,1.055921,0.330055
1782921611.642178,42,1.439086,-0.365238
1782921612.3420794,19,1.082430,0.330556
1782921612.3420794,42,1.446859,-0.365993
1782921613.0753098,42,1.373325,-0.369525
1782921613.0753098,19,1.057441,0.340896
1782921613.8418384,19,0.804925,0.351594
1782921613.8418384,42,1.383216,-0.373935
1782921614.5750687,19,1.003315,0.357956
1782921614.5750687,42,1.377102,-0.377338
1782921615.308299,42,1.345985,-0.381650
1782921616.041529,19,0.990979,0.370394
1782921616.041529,42,1.314633,-0.386048
1782921616.7747595,42,0.484927,-0.384796
1782921618.0412474,19,0.940972,0.388567
1782921618.0412474,42,1.268019,-0.396716
1782921618.8744628,42,1.251247,-0.401360
1782921620.1076226,42,1.232031,-0.408825
1782921743.390774,42,0.768756,-0.392287
1782921744.5907924,42,0.624715,-0.140675
1782921745.3240218,42,0.543158,-0.272933
1782921746.0239236,42,0.612882,-0.329411
1782921746.7571533,42,0.701089,-0.098675
1782921747.9903128,42,0.742617,-0.013123
1782921748.8568575,42,0.742617,-0.013123
1782921749.623417,42,0.742617,-0.013123
1782921750.3566463,42,0.742617,-0.013123
1782921751.0232196,42,0.723757,-0.005441
1782921751.7564502,42,0.698105,-0.006713
1782921752.4895527,42,0.674356,-0.010381
1782921753.2894397,42,0.645895,-0.011067
1782921753.9560127,42,0.622731,-0.014460
1782921755.3558152,42,0.573791,-0.021316
1782921756.6556323,42,0.548009,0.062593
1782921757.7888064,42,0.508090,0.355165
1782921757.7888064,5,0.900759,-0.280535
1782921759.4219093,5,0.820082,0.237227
1782921761.488489,5,1.493999,-0.026667
1782921762.18839,5,1.493999,-0.026667
1782921763.3215635,5,1.136682,0.180317
1782921764.1547825,5,1.022122,0.190202
1782921764.8880098,5,1.082986,0.191778
1782921765.5879111,5,0.988252,0.195324
1782921766.287813,5,0.938597,0.197991
1782921766.9543853,5,0.894693,0.202663
1782921768.2542024,5,0.877359,0.207538
1782921768.9541042,5,0.805701,0.214705
1782921769.6539364,5,0.798789,0.215149
1782921770.3871658,5,0.746178,0.219323
1782921771.6203263,5,0.725591,0.231758
1782921772.353556,5,0.724584,0.231936
1782921773.220101,5,0.910488,0.289668
1782921773.9200022,5,1.355176,0.391112
1782921775.153162,11,1.254374,-0.301148
1782921776.7196074,11,1.262946,0.195652
1782921777.4861665,13,0.457277,-0.327213
1782921778.619365,13,0.350813,-0.053523
1782921779.9191818,13,0.383141,0.186879
1782921782.085544,28,1.439850,0.306859
1782921782.9854167,14,1.154318,-0.343485
1782921784.5851917,14,1.400710,0.142574
1782921785.4184082,14,1.364913,0.377401
1782921790.217684,42,0.367513,-0.319515
1782921791.6508155,42,0.331904,0.191333
1782921792.4840312,42,0.399833,0.361023
1782921793.1839335,5,1.468121,-0.400385
1782921794.4837496,5,1.100167,-0.358871
1782921795.5502567,5,1.280312,-0.029152
1782921796.5167873,5,0.714367,0.239153
1782921797.4499888,5,0.714367,0.239153
1782921798.3831906,5,0.686352,0.249052
1782921799.2164068,5,0.696156,0.251807
1782921800.0829515,5,0.704494,0.255131
1782921800.8828387,5,0.733482,0.261456
1782921802.2826412,5,0.724917,0.265871
1782921803.482582,5,0.745656,0.272738
1782921804.7157407,5,0.770163,0.277948
1782921805.3823142,5,0.800980,0.287426
1782921806.4488304,5,0.787921,0.293937
1782921807.1487315,5,0.762708,0.299486
1782921808.4152198,5,0.737096,0.308454
1782921809.9816658,5,0.603287,0.235391
1782921811.0482833,5,0.571581,0.200915
1782921811.84817,5,0.564799,0.202408
1782921812.648057,5,0.584794,0.206017
1782921813.8478882,5,0.569626,0.214618
1782921814.9477334,5,0.558804,0.217386
1782921815.847607,5,0.560902,0.222601
1782921816.6474943,5,0.544156,0.225708
1782921817.5806956,5,0.507087,0.145537
1782921818.3139257,5,0.525326,0.075966
1782921819.1137686,5,0.486450,0.081017
1782921819.8469994,5,0.460420,0.081409
1782921821.1801453,5,0.419259,0.100986
1782921822.2799895,5,0.406397,0.085226
1782921823.3465059,5,0.484569,-0.219430
1782921824.5463371,5,0.588851,-0.344049
1782921824.5463371,15,1.443768,0.408062
1782921825.7794964,5,0.615011,-0.365687
1782921825.7794964,15,1.358474,0.403831
1782921827.8125482,15,1.032622,0.381350
1782921828.512449,15,0.625553,0.258357
1782921829.3123362,15,1.083086,0.052547
1782921830.1122234,15,1.077914,-0.062004
1782921831.4786985,15,0.996806,-0.090716
1782921832.9451587,15,0.979332,0.024693
1782921834.1783175,15,0.952311,0.024858
1782921835.7447329,15,0.887430,0.024781
1782921836.7112634,15,0.865737,0.026082
1782921837.9777522,15,0.568434,0.259480
1782921838.710983,15,0.853487,0.380667
1782921841.5105882,5,0.460260,-0.331831
1782921842.8438585,5,0.344474,-0.050370
1782921843.5770898,5,0.349756,0.114453
1782921844.2436612,5,0.349756,0.114453
1782921845.0102203,5,0.344605,-0.037069
1782921850.4094808,15,0.953730,0.400282
1782921851.1427112,15,0.812788,0.379853
1782921851.8092837,15,0.752202,0.371545
1782921853.0424435,15,0.737851,0.370677
1782921854.2756038,15,0.506892,0.244111
1782921855.4421062,15,0.565459,0.152029
1782921856.3753083,15,0.503385,0.163138
1782921857.175195,15,0.476352,0.172319
1782921857.808439,15,0.456809,0.177634
1782921858.5083404,15,0.448715,0.181704
1782921859.7081957,15,0.429741,0.191035
1782921860.9080265,15,0.420368,0.199496
1782921861.641257,15,0.411766,0.206523
1782921862.8410876,15,0.391158,0.216973
1782921863.7076325,15,0.376782,0.223443
1782921864.4075341,15,0.373930,0.223581
1782921865.1407645,15,0.373803,0.223446
1782921866.3405948,15,0.374581,-0.037487
1782921867.1404827,15,0.386914,-0.253423
1782921867.9070642,15,0.531596,-0.377500
1782921872.3064454,55,0.419662,0.274380
1782921873.3729618,55,0.407987,0.108177
1782921874.2728348,55,0.401708,0.108081
1782921875.0060651,55,0.366837,0.112991
1782921876.2725737,55,0.304841,0.143233
1782921877.5390615,55,0.292070,0.152093
1782921878.8722076,55,0.303944,-0.201439
1782921879.6387663,55,0.348260,-0.352798
1782921879.6387663,13,1.320643,0.363950
1782921881.905114,13,1.231035,-0.350871
1782921895.336562,13,1.157682,-0.386940
1782921896.6030495,13,0.776875,-0.230416
1782921897.3696077,13,0.992345,-0.109444
1782921898.136167,13,0.968156,0.028190
1782921898.9027264,13,0.891652,0.107536
1782921899.6360464,13,0.761517,0.148686
1782921900.902534,13,0.688130,0.285781
1782921902.5356376,13,0.826852,0.383576
1782921903.2355385,13,0.826852,0.383576
1782921904.5020273,13,0.821696,0.387034
1782921905.2352579,13,0.822621,0.389720
1782921906.7017195,13,0.804441,0.394031
1782921912.9008634,14,0.996194,0.288234
1782921915.7671268,20,1.183791,-0.347621
1782921916.467105,20,1.435402,-0.152362
1782921917.2003348,20,1.424078,0.019600
1782921918.5001519,20,1.258921,0.384604
1782921919.3333683,20,1.440235,0.407528
1782921924.7659912,20,1.287375,0.406220
1782921926.0324795,20,0.958657,0.367679
1782921926.6990528,20,0.885123,0.296396
1782921928.6654425,20,0.926028,-0.364401
1782921929.6986306,17,0.843825,0.411488
1782921929.6986306,20,1.182239,-0.402754
1782921929.6986306,56,1.327672,-0.196505
1782921930.8984609,17,0.791315,0.408945
1782921930.8984609,20,1.226162,-0.411813
1782921930.8984609,56,0.880184,-0.272538
1782921931.8649998,20,1.227083,-0.414002
1782921931.8649998,56,0.894750,-0.280989
1782921932.7648737,56,0.960964,-0.288748
1782921933.4981036,56,0.939804,-0.289535
1782921934.2313335,56,1.158427,-0.303983
1782921934.8979068,56,1.201116,-0.309381
1782921935.5644796,56,1.208115,-0.317431
1782921936.9642823,56,1.196768,-0.329094
1782921938.1974413,56,1.171784,-0.338718
1782921939.0973153,56,1.157362,-0.344925
1782921939.9305527,56,1.149793,-0.349286
1782921940.6971111,56,1.144458,-0.353059
1782921941.9636002,56,1.118435,-0.359150
1782921942.69683,56,1.113965,-0.360863
1782921943.6300323,56,1.122594,-0.366404
1782921944.3965905,56,1.098989,-0.368506
1782921945.0964932,56,1.099951,-0.368377
1782921945.0964932,53,1.488895,-0.316092
1782921946.5629523,56,1.070805,-0.372679
1782921947.962723,56,1.063084,-0.376891
1782921948.9625828,56,1.248379,-0.396581
1782921952.662062,17,0.385998,0.376623
1782921953.895221,17,0.347765,0.278889
1782921954.6284516,17,0.347765,0.278889
1782921955.361682,17,0.347765,0.278889
1782921956.0949118,17,0.347765,0.278889
1782921957.3280916,17,0.303968,0.141167
1782921957.9946642,17,0.301431,-0.193249
1782921962.627346,42,1.058726,-0.390771
1782921966.5603304,20,0.713323,0.402302
1782921967.9601333,20,0.645695,0.076336
1782921968.6933632,20,0.618715,-0.124869
1782921969.393265,20,0.542781,-0.362872
1782921969.393265,56,1.013957,0.363585
1782921970.526438,56,1.197948,-0.012619
1782921971.1596823,56,0.684129,-0.236145
1782921971.826255,56,1.152672,-0.388122
1782921979.4916704,56,1.154215,-0.055059
1782921980.8916144,20,0.567310,-0.370104
1782921980.8916144,56,0.992035,0.352774
1782921998.5558,20,0.470254,0.394607
1782921999.9222739,20,0.470254,0.394607
1782922005.8881752,20,0.371074,-0.212536
1782922007.2879786,20,0.381741,0.138577
1782922025.9519882,20,0.353479,0.243473
1782922026.6518898,20,0.337638,0.081886
1782922027.3851202,20,0.327029,-0.104059
1782922028.1183496,20,0.349196,-0.273523
1782922029.3848379,20,0.341469,-0.332722
1782922030.0847392,20,0.348672,-0.246192
1782922030.8180776,20,0.341748,-0.072845
1782922031.4846509,20,0.333920,0.093372
1782922033.0177681,20,0.415761,0.388905
1782922057.814363,22,0.672151,-0.380685
1782922058.5475929,22,0.457057,-0.241817
1782922059.2141652,22,0.701930,-0.035444
1782922060.3806722,22,0.704846,-0.009182
1782922061.113898,22,0.681898,-0.003578
1782922061.8804703,22,0.658218,-0.004650
1782922062.6470284,22,0.633302,-0.006674
1782922063.8801882,22,0.596190,-0.009062
1782922064.6134186,22,0.566917,-0.005914
1782922065.3799772,22,0.541939,-0.010074
1782922066.1132076,22,0.516941,-0.012131
1782922067.413024,22,0.438993,-0.117854
1782922068.1795826,22,0.372169,-0.226821
1782922068.9129086,22,0.420288,-0.309961
1782922088.4435568,12,1.044831,-0.255777
1782922092.1763356,50,0.879320,-0.259719
1782922099.1753507,7,1.277497,-0.270187
1782922114.8397663,34,1.213450,0.373784
1782922117.939431,20,1.335972,0.381658
1782922117.939431,51,1.412617,-0.197144
1782922119.672523,20,1.456471,-0.022701
1782922120.472408,20,1.452626,-0.023960
1782922121.7722251,20,1.133752,-0.346337
1782922121.7722251,17,1.428430,0.308728
1782922130.837753,20,1.063510,-0.373495
1782922130.837753,17,1.251382,0.351010
1782922131.6376402,20,1.172411,-0.126851
1782922132.5375135,20,1.198217,-0.066455
1782922133.8373272,20,1.176036,-0.066365
1782922135.1038153,20,1.130425,-0.068810
1782922136.1036744,20,1.091937,-0.120304
1782922137.9700785,20,0.898729,-0.312183
1782922137.9700785,17,1.474046,0.392515
1782922138.9032805,20,0.880763,-0.327193
1782922138.9032805,17,1.484499,0.393212
1782922139.769825,20,0.838870,-0.341356
1782922139.769825,17,1.440281,0.394096
1782922141.2362983,20,0.806762,-0.178648
1782922142.1361725,20,1.015190,-0.012482
1782922143.036045,20,0.973050,0.089224
1782922144.3025336,20,0.841482,0.152841
1782922145.1357498,20,0.813237,0.157928
1782922145.8689792,20,0.774576,0.160538
1782922146.60221,20,0.745342,0.165768
1782922147.4687543,20,0.519975,0.231533
1782922148.2353132,20,0.651505,0.334664
1782922148.9685428,20,0.729688,0.379968
1782922151.7015402,34,0.822686,-0.187232
1782922157.500723,34,0.634396,0.391103
1782922158.1339967,34,0.588837,0.387509
1782922158.1339967,54,1.156849,-0.208856
1782922158.8338995,34,0.578381,0.392569
1782922158.8338995,54,1.070424,-0.218769
1782922158.8338995,17,0.711385,0.369426
1782922159.567129,54,1.217432,-0.192378
1782922162.6000352,34,0.409713,0.343235
1782922163.3665936,34,0.405193,0.135633
1782922164.6997395,34,0.380156,-0.223887
1782922165.4663932,34,0.455655,-0.376381
1782922171.9654784,17,0.914205,-0.237913
1782922173.3652813,22,1.040659,0.358987
1782922174.1990438,22,1.220518,0.082619
1782922175.5988467,22,0.853555,-0.295161
1782922176.5320485,22,1.372191,-0.407602
1782922184.0970466,50,0.929070,-0.251971
1782922186.8966515,7,1.293114,0.198543
1782922188.063154,50,1.466439,-0.384406
1782922188.063154,7,1.418753,0.201724
1782922189.029685,7,1.226538,0.206618
1782922189.029685,50,1.499857,-0.386409
1782922189.7295866,7,1.169001,0.215203
1782922189.7295866,50,1.484414,-0.387378
1782922191.1294339,50,1.442193,-0.390532
1782922191.1294339,7,1.075786,0.225038
1782922191.9959776,50,0.356329,-0.426882
1782922191.9959776,7,0.963584,0.233094
1782922193.5624244,7,0.906773,0.247672
1782922194.5622838,50,1.425290,-0.396340
1782922195.395499,50,1.431712,-0.398091
1782922195.395499,7,0.870430,0.250339
1782922196.9286163,50,1.487961,-0.408411
1782922196.9286163,7,1.265932,0.187493
1782922198.6617014,54,1.184309,0.387982
1782922199.4282603,7,0.925992,-0.224399
1782922199.4282603,54,0.900684,0.282217
1782922200.9280488,54,0.900976,-0.178363
1782922201.6612797,54,1.091252,-0.373432
1782922205.027472,54,1.367624,-0.405656
1782922206.527261,54,1.060743,-0.120583
1782922207.7604506,7,1.306554,-0.167778
1782922207.7604506,54,0.902256,0.329629
1782922208.9936104,54,0.449305,0.300140
1782922211.2932868,7,1.484203,0.380287
1782922211.2932868,50,1.177163,-0.384523
1782922212.1265025,50,1.130567,-0.383484
1782922213.5929658,50,0.827673,-0.307246
1782922214.3595212,50,0.849723,-0.161014
1782922215.0262058,50,0.951730,-0.064285
1782922216.3926787,50,0.790984,0.121130
1782922217.1925664,50,0.616827,0.189568
1782922217.9257967,50,0.600002,0.194159
1782922218.6590269,50,0.652714,0.229371
1782922219.958844,18,1.163687,0.204593
1782922220.8920484,50,0.944228,0.396807
1782922220.8920484,18,1.190873,0.350163
1782922221.691933,18,1.293882,0.375621
1782922223.7249465,18,1.285361,0.380418
1782922225.191405,18,1.236108,0.385219
1782922225.9579647,18,1.231626,0.387343
1782922227.2577815,18,1.247189,0.391135
1782922228.0243397,18,1.224698,0.392963
1782922228.7575696,18,1.201488,0.391350
1782922229.4907997,18,1.393272,0.371673
1782922230.9572604,18,0.911174,0.170719
1782922232.5237432,50,0.450161,0.284517
1782922232.5237432,18,0.885313,-0.319638
1782922234.3234892,50,0.374374,-0.002467
1782922234.3234892,18,1.322130,-0.409194
1782922267.1523237,21,1.421232,-0.399289
1782922268.8187563,21,1.423215,-0.402687
1782922282.3502688,12,0.593571,0.273106
1782922283.3501287,12,0.642879,0.283811
1782922286.4496915,12,0.653576,0.312612
1782922288.0494184,12,0.616301,0.334204
1782922289.4158905,12,0.578571,0.349334
1782922290.249106,12,0.575017,0.354437
1782922291.0489943,12,0.569053,0.360762
1782922293.0153837,12,0.550534,0.372200
1782922293.7819424,12,0.547707,0.376278
1782922294.4818432,12,0.536167,0.379351
1782922295.1817448,12,0.530803,0.382436
1782922296.548388,12,0.517799,0.388203
1782922297.24829,12,0.513839,0.390671
1782922297.9481916,12,0.515928,0.390545
1782922333.309943,12,0.674870,0.402115
1782922341.0088646,50,1.236774,0.297277
1782922342.608639,1,1.474569,-0.344570
1782922343.441855,1,1.474569,-0.344570
1782922351.9073052,1,0.843119,-0.275586
1782922353.5071795,1,1.380117,-0.157542
1782922355.340255,1,1.434199,-0.138294
1782922361.5060518,1,0.809551,0.219545
1782922364.7722585,12,0.362863,-0.291613
1782922366.9052923,12,0.325457,-0.226296
1782922367.738508,12,0.324860,-0.222642
1782922369.0383215,12,0.331960,-0.051555
1782922369.8048804,12,0.331960,-0.051555
1782922370.571439,12,0.308909,-0.053592
1782922371.404655,12,0.295665,-0.054853
1782922372.2045429,12,0.285161,-0.188435
1782922372.9044437,12,0.314122,-0.326411
1782922375.804036,1,1.136033,0.350228
1782922376.5372655,1,1.279204,0.137164
1782922377.237301,1,1.279204,0.137164
1782922377.9705307,1,1.279025,0.129877
1782922379.237019,1,1.198259,0.134223
1782922379.9702497,1,1.191020,0.139316
1782922380.770137,1,1.152198,0.140401
1782922381.5033674,1,1.130144,0.140438
1782922382.7698555,1,1.262739,0.059803
1782922383.5364137,1,1.249728,0.057436
1782922384.2696443,1,1.234067,0.057437
1782922385.0362062,1,1.167045,0.057310
1782922386.336065,1,1.130910,0.060837
1782922387.0026376,1,1.106631,0.059974
1782922387.7691963,1,1.098286,0.060967
1782922388.5024273,1,1.082318,0.063780
1782922389.8022447,1,1.030714,0.067628
1782922390.5688026,1,1.043737,0.067651
1782922391.3353617,1,1.005127,0.070401
1782922392.0685914,1,0.983839,0.070229
1782922393.3350163,1,0.956618,0.077070
1782922394.0682468,1,0.929792,0.077501
1782922394.0682468,17,1.262038,0.382664
1782922394.801477,1,0.890028,0.078126
1782922394.801477,17,1.232641,0.384041
1782922395.5013778,1,0.841683,0.078785
1782922396.2679372,1,0.807732,0.088043
1782922396.967838,1,0.773704,0.086837
1782922397.7010682,1,0.739734,0.093956
1782922398.4676273,1,0.726008,0.095407
1782922399.200857,1,0.779925,-0.011584
1782922406.3666313,21,0.933176,0.266113
1782922407.8330915,12,0.611539,0.361395
1782922408.5996501,12,0.611539,0.361395
1782922410.6992636,12,0.586813,0.369468
1782922411.399165,12,0.587827,0.372152
1782922412.8656254,12,0.584393,0.376771
1782922413.8654842,12,0.571671,0.380712
1782922413.8654842,21,1.471845,-0.136692
1782922415.2319593,12,0.557051,0.387956
1782922415.2319593,21,1.446633,-0.145566
1782922416.3984609,12,0.561019,0.393580
1782922416.3984609,21,1.381985,-0.147135
1782922417.5316353,12,0.533348,0.399080
1782922417.5316353,21,1.230238,-0.156582
1782922418.4982343,21,1.314729,-0.159617
1782922419.6647363,21,1.150957,-0.169898
1782922420.5979388,21,1.049444,-0.173822
1782922421.5978005,21,1.107942,-0.176998
1782922422.4310133,21,1.007413,-0.304085
1782922423.764159,21,1.035476,-0.174351
1782922424.597375,21,1.031994,-0.174518
1782922425.3639345,21,1.288707,-0.073337
1782922426.5971437,21,1.216691,-0.066457
1782922427.497017,21,1.211982,-0.069239
1782922428.796834,21,1.167032,-0.070593
1782922429.8633513,21,1.151736,-0.072035
1782922430.7632244,21,1.120353,-0.077048
1782922431.6964262,21,1.090271,-0.078041
1782922432.596299,21,1.043519,-0.079702
1782922433.4628437,21,1.016610,-0.083764
1782922434.196115,21,0.985486,-0.087919
1782922434.9626737,21,0.941314,-0.087699
1782922436.1958334,21,0.942383,-0.067283
1782922437.0290494,21,0.931495,0.033644
1782922437.895595,21,0.755580,0.154610
1782922438.7288103,21,0.679367,0.291858
1782922440.1286135,21,0.933361,0.394536
1782922449.2273924,34,1.395946,0.207896
1782922449.9940653,34,1.408000,0.207715
1782922452.826999,34,1.307638,0.216793
1782922453.5935583,34,1.114509,0.222763
1782922454.3601165,34,1.114509,0.222763
1782922455.160004,34,1.114509,0.222763
1782922456.4598215,34,1.127766,0.229278
1782922457.2263799,34,1.040815,0.232697
1782922458.0929494,34,0.980217,0.242704
1782922458.8595078,34,0.980217,0.242704
1782922459.6593952,34,0.878426,0.248344
1782922460.4592853,34,0.947913,0.252515
1782922461.2591703,34,0.892128,0.255132
1782922461.9590714,34,0.861279,0.257367
1782922464.1254334,34,0.833257,0.267095
1782922465.058636,34,0.854993,0.274298
1782922466.3250194,34,0.880331,0.283183
1782922467.091578,34,0.939764,0.290635
1782922467.8248072,34,0.949772,0.294765
1782922468.591366,34,0.981336,0.299475
1782922469.7911978,34,1.082256,0.306835
1782922470.6244137,34,1.359928,0.378257
1782922476.4570334,50,0.937818,-0.374790
1782922478.223452,50,0.579213,-0.218289
1782922479.1566532,50,0.545500,-0.171858
1782922479.923212,50,0.754076,-0.053471
1782922479.923212,7,1.497473,0.354310
1782922480.623113,50,0.717061,-0.041519
1782922481.3896725,50,0.679661,-0.044281
1782922482.5562265,50,0.626814,-0.049993
1782922483.2894573,50,0.597125,-0.050129
1782922483.9893591,50,0.561616,-0.053309
1782922484.755917,50,0.510051,-0.055611
1782922486.0557342,50,0.450977,-0.067714
1782922487.022265,50,0.419320,-0.083536
1782922487.9554665,50,0.405432,-0.086035
1782922489.2886121,50,0.393965,-0.088332
1782922490.0884998,50,0.436149,-0.183390
1782922490.921604,50,0.429055,-0.261312
1782922492.2547495,50,0.524808,-0.323662
1782922493.0546372,50,0.529988,-0.327975
1782922506.7194636,49,1.498856,-0.372542
1782922513.2518783,26,1.348771,0.156731
1782922514.7517169,26,1.310205,0.163104
1782922516.0515327,26,1.221641,0.176655
1782922516.984735,26,1.155835,0.184397
1782922517.8846076,54,0.915149,-0.392141
1782922517.8846076,26,0.996261,0.196875
1782922519.4177248,54,0.897743,-0.399303
1782922519.4177248,26,0.795862,0.220822
1782922520.417585,54,0.891162,-0.404805
1782922520.417585,0,1.341030,-0.404284
1782922520.417585,26,0.688543,0.236672
1782922521.2841294,0,1.325687,-0.407255
1782922521.2841294,26,0.677163,0.251640
1782922522.750694,0,1.307155,-0.412097
1782922522.750694,26,0.695078,0.272549
1782922524.3837976,26,0.739177,0.285992
1782922525.5836282,26,0.739177,0.285992
1782922526.4168444,26,0.739177,0.285992
1782922527.3167174,54,0.703239,-0.394889
1782922527.3167174,26,1.117681,0.396517
1782922527.3167174,0,0.940199,-0.374861
1782922528.283248,54,0.703239,-0.394889
1782922528.283248,26,1.111744,0.396066
1782922528.283248,0,0.944800,-0.374835
1782922529.1497931,54,0.694189,-0.394606
1782922529.1497931,26,1.109357,0.397134
1782922529.1497931,0,0.929508,-0.374155
1782922530.1829047,26,1.121785,0.399774
1782922530.1829047,0,0.918798,-0.376365
1782922530.9827914,26,1.108032,0.402263
1782922530.9827914,0,0.923373,-0.379371
1782922531.7160215,26,1.090198,0.404336
1782922531.7160215,0,0.909662,-0.381887
1782922532.5159097,26,1.098259,0.406100
1782922532.5159097,0,0.906563,-0.384665
1782922533.949041,26,1.081078,0.409086
1782922533.949041,0,0.899239,-0.389226
1782922534.9822285,0,0.894611,-0.392453
1782922535.8487728,0,0.891075,-0.395723
1782922536.7153175,0,0.890861,-0.398679
1782922537.5818627,0,0.877466,-0.401291
1782922538.3817728,0,0.874933,-0.403674
1782922539.1150029,0,0.860508,-0.405857
1782922544.6808858,0,0.651886,-0.379426
1782922545.5141017,0,0.549653,-0.292125
1782922546.2140036,0,0.667110,-0.071907
1782922549.4803028,49,0.836999,0.319125
1782922550.5801475,49,0.841372,0.311705
1782922552.3132367,49,1.021830,0.384030
1782922553.813026,49,1.021830,0.384030
1782922554.5798447,49,1.002009,0.382378
1782922558.9458964,54,0.333386,-0.045814
1782922558.9458964,49,1.013700,0.378056
1782922559.7791128,54,0.331786,-0.045899
1782922559.7791128,49,1.013831,0.377988
1782922560.5456724,54,0.331786,-0.045899
1782922560.5456724,49,1.013831,0.377988
1782922561.3122299,54,0.331786,-0.045899
1782922561.3122299,49,1.013831,0.377988
1782922562.5785596,54,0.331786,-0.045899
1782922562.5785596,49,1.013831,0.377988
1782922563.3451188,54,0.333657,-0.046556
1782922564.0783496,54,0.333657,-0.046556
1782922564.8115785,54,0.332779,-0.046692
1782922565.8447688,54,0.332779,-0.046692
1782922567.277899,54,0.332779,-0.046692
1782922567.277899,49,1.007918,0.379307
1782922568.5777144,49,0.919770,0.169847
1782922569.6442308,0,0.828380,0.404088
1782922569.6442308,49,1.097624,0.049463
1782922570.6107614,0,0.592726,0.285355
1782922570.6107614,49,0.669459,-0.231557
1782922571.6105626,0,0.717744,-0.002749
1782922571.6105626,49,1.192138,-0.400683
1782922573.4769666,0,0.792804,-0.398349
1782922585.4087496,26,0.556757,0.389712
1782922587.041853,26,0.497277,0.037222
1782922589.7081952,26,0.536522,-0.384287
1782922590.5080836,26,0.369613,-0.341461
1782922591.2746415,26,0.538593,-0.384560
1782922601.573063,51,0.912843,-0.373501
1782922602.3396218,51,1.076927,-0.398403
1782922602.3396218,4,1.401524,-0.221164
1782922603.1395092,51,1.069839,-0.400106
1782922619.2707367,54,0.478592,0.143823
1782922623.3035042,26,0.291302,0.032407
1782922624.0367343,26,0.293024,0.033955
1782922624.803294,26,0.293024,0.033955
1782922625.6031804,26,0.293024,0.033955
1782922626.33641,26,0.293024,0.033955
1782922627.6028988,26,0.293024,0.033955
1782922628.5360875,26,0.293024,0.033955
1782922629.302646,26,0.294439,0.022458
1782922630.7357776,26,0.378505,-0.335292
1782922635.401787,51,0.887998,-0.378264
1782922638.3347979,51,0.860643,-0.386643
1782922639.1346846,51,0.869979,-0.388221
1782922639.9345722,51,0.869160,-0.394171
1782922644.7672873,4,1.335200,0.319899
1782922645.5005176,51,0.440209,-0.383012
1782922646.2670758,51,0.383676,-0.243217
1782922647.1669493,51,0.388929,0.007346
1782922647.866851,51,0.389748,0.000737
1782922648.6000805,51,0.389748,0.000737
1782922649.36664,51,0.363118,0.177177
1782922650.133198,51,0.376289,0.255253
1782922650.933086,51,0.376289,0.255253
1782922651.6996448,51,0.376289,0.255253
1782922652.46615,51,0.376289,0.255253
1782922653.19938,51,0.376289,0.255253
1782922654.499197,51,0.376289,0.255253
1782922655.2990873,51,0.348505,0.225247
1782922656.0656433,51,0.393209,0.016383
1782922656.8322017,51,0.359562,-0.188776
1782922658.1653473,51,0.477807,-0.393647
1782922658.9319055,4,0.889743,0.252699
1782922663.264734,4,1.417841,-0.342528
1782922664.09795,56,1.224585,-0.402622
1782922664.09795,4,1.403527,-0.351418
1782922664.7978513,56,1.198846,-0.403229
1782922664.7978513,4,1.366776,-0.352709
1782922665.6643956,4,1.381956,-0.353001
1782922667.1308146,4,1.389186,-0.357144
1782922669.5971332,51,0.358872,-0.340866
1782922670.7303069,51,0.309980,-0.102954
1782922671.7634947,51,0.334005,-0.035525
1782922672.5633824,51,0.334005,-0.035525
1782922673.2966123,51,0.334005,-0.035525
1782922674.0298429,51,0.334005,-0.035525
1782922674.829761,51,0.334005,-0.035525
1782922676.2628922,51,0.334005,-0.035525
1782922676.9961224,51,0.334005,-0.035525
1782922677.7293518,51,0.334005,-0.035525
1782922678.5292392,51,0.326831,-0.032861
1782922679.8290565,51,0.273903,-0.040142
1782922680.628944,51,0.270653,-0.039467
1782922681.3288448,51,0.269763,-0.041532
1782922682.1620615,51,0.269763,-0.041532
1782922683.3619277,51,0.269431,-0.041953
1782922684.1284864,51,0.269431,-0.041953
1782922684.8617156,51,0.266655,-0.038976
1782922685.594946,51,0.266655,-0.038976
1782922686.8614347,51,0.266655,-0.038976
1782922687.6613214,51,0.266655,-0.038976
1782922688.4278898,51,0.269431,-0.041953
1782922689.1944394,51,0.269431,-0.041953
1782922690.4942558,51,0.280574,-0.040300
1782922691.2608268,51,0.309761,-0.033077
1782922692.0607142,51,0.346434,-0.033089
1782922692.7939441,51,0.378596,-0.032015
1782922694.0271041,51,0.393132,-0.030782
1782922694.826991,51,0.393132,-0.030782
1782922695.5602212,51,0.393132,-0.030782
1782922696.3601089,51,0.393132,-0.030782
1782922697.1599963,51,0.356936,-0.223643
1782922697.8932261,51,0.419444,-0.366234
1782922703.1591668,56,0.908082,-0.369399
1782922705.1922138,56,0.906028,-0.376183
1782922705.1922138,4,1.448312,-0.122310
1782922706.7586906,4,0.805602,0.247818
1782922708.9583812,56,1.155868,0.411165
1782922709.7249396,51,0.422732,-0.373578
1782922710.958099,51,0.326582,-0.129134
1782922711.7913165,51,0.340115,-0.099996
1782922712.557874,51,0.340115,-0.099996
1782922713.324433,51,0.345123,-0.097243
1782922714.0576625,51,0.347102,-0.095017
1782922714.790883,51,0.347102,-0.095017
1782922715.5241132,51,0.347102,-0.095017
1782922716.324001,51,0.317720,-0.103610
1782922717.557162,51,0.303295,-0.113261
1782922718.2903907,51,0.303295,-0.113261
1782922719.0569496,51,0.303295,-0.113261
1782922719.8235075,51,0.302841,-0.114151
1782922721.0899959,51,0.302841,-0.114151
1782922721.9565413,51,0.303295,-0.113261
1782922722.7566404,51,0.333204,-0.244664
1782922723.5565255,51,0.399510,-0.378081
1782922726.5894322,4,1.153977,0.191055
1782922728.6558075,56,0.706200,-0.268282
1782922731.6554234,56,0.700792,-0.338402
1782922732.3886535,4,1.470773,-0.035940
1782922733.1218839,4,1.471000,-0.038434
1782922734.388372,4,1.396858,-0.042261
1782922735.154931,56,0.655192,-0.362527
1782922735.154931,4,1.375401,-0.041574
1782922735.9548175,4,1.342541,-0.043563
1782922736.721377,56,0.582152,-0.347037
1782922736.721377,4,1.288675,0.014849
1782922736.721377,46,1.370917,0.400714
1782922738.0210717,56,0.656032,-0.385678
1782922738.0210717,4,1.239003,-0.074081
1782922738.8542871,56,0.648782,-0.392288
1782922738.8542871,4,1.183280,-0.082537
1782922738.8542871,46,1.135876,0.385546
1782922739.687503,56,0.648647,-0.397153
1782922739.687503,4,1.120116,-0.087743
1782922739.687503,46,1.128399,0.387686
1782922741.053978,4,1.092009,-0.093508
1782922742.3204658,4,0.968717,-0.099197
1782922743.087025,4,0.931790,-0.102394
1782922744.3535128,4,0.883966,-0.109790
1782922745.2533865,4,0.833760,-0.111345
1782922746.053331,46,1.063945,0.408535
1782922746.053331,4,0.785665,-0.119769
1782922746.853216,4,0.733624,-0.123215
1782922747.5864456,4,0.702120,-0.124952
1782922748.4196608,4,0.662833,-0.133908
1782922749.1862202,4,0.643851,-0.139325
1782922750.3860507,4,0.570700,0.161879
1782922751.2192671,4,0.772227,0.368729
1782922752.7523847,56,0.305107,-0.320296
1782922753.5189354,56,0.238136,-0.180695
1782922754.2521663,56,0.264094,0.010511
1782922755.0187242,56,0.235465,0.185751
1782922755.7519543,56,0.234740,0.181758
1782922756.5185137,56,0.234740,0.181758
1782922757.3184009,56,0.235595,0.182893
1782922758.6848745,56,0.236315,0.184507
1782922759.4181054,56,0.242071,0.178224
1782922760.6845937,56,0.275288,0.166034
1782922761.4515839,56,0.270719,0.167787
1782922762.2181425,56,0.270719,0.167787
1782922762.9847007,56,0.270719,0.167787
1782922764.284518,56,0.270719,0.167787
1782922765.0510771,56,0.270719,0.167787
1782922765.8509645,56,0.270719,0.167787
1782922766.5841944,56,0.270719,0.167787
1782922767.8840108,56,0.270634,0.167497
1782922768.6172407,56,0.268739,0.167631
1782922769.383505,56,0.291643,0.159037
1782922770.1500635,56,0.325743,0.146219
1782922771.4498806,56,0.346677,0.138735
1782922772.216439,56,0.344150,0.140713
1782922772.949669,56,0.344150,0.140713
1782922773.7162282,56,0.344150,0.140713
1782922774.9160593,56,0.346677,0.138735
1782922776.0159044,56,0.346677,0.138735
1782922777.0824208,56,0.346677,0.138735
1782922778.148879,56,0.319973,0.032013
1782922779.4153686,56,0.306526,-0.187010
1782922780.148598,56,0.320925,-0.265107
1782922780.8818276,56,0.379561,-0.351411
1782922782.9148753,4,0.867845,0.389249
1782922784.3813357,4,0.605753,0.304063
1782922785.5811663,4,0.648793,0.077662
1782922786.3144639,4,0.682576,-0.045328
1782922787.0143654,4,0.509544,-0.163906
1782922787.947568,4,0.542424,-0.261588
1782922788.6807976,4,0.535831,-0.262331
1782922789.4473567,4,0.536765,-0.281224
1782922790.2139156,4,0.500411,-0.302636
1782922790.9471455,4,0.511733,-0.305757
1782922792.1803052,4,0.517801,-0.315599
1782922792.946864,4,0.511725,-0.321735
1782922793.6800938,4,0.489506,-0.327617
1782922799.146049,4,0.612856,-0.381152
1782922800.045923,46,0.640078,0.386422
1782922800.8791387,46,0.465964,0.303880
1782922802.1455667,46,0.371084,-0.063009
1782922802.8787966,46,0.412312,-0.282298
1782922806.811577,46,0.583022,-0.370365
1782922826.7089024,56,0.412198,0.273301
1782922826.7089024,51,1.286659,-0.405661
1782922827.4421322,56,0.350689,0.105634
1782922828.1753626,56,0.388216,0.016966
1782922828.9419212,56,0.388216,0.016966
1782922830.1417522,56,0.388216,0.016966
1782922830.841656,56,0.388216,0.016966
1782922831.574884,56,0.388216,0.016966
1782922832.341442,56,0.388216,0.016966
1782922833.6412601,56,0.388216,0.016966
1782922834.4411926,56,0.388216,0.016966
1782922835.1077654,56,0.388216,0.016966
1782922835.9743097,56,0.388216,0.016966
1782922837.2741265,56,0.388216,0.016966
1782922838.0073574,56,0.388216,0.016966
1782922838.8072438,56,0.388216,0.016966
1782922839.5738027,56,0.381995,0.026660
1782922840.840291,56,0.471147,0.351859
1782922848.8058126,51,1.237490,0.408445
1782922849.5723708,51,1.150488,0.402049
1782922850.3389292,51,1.033917,0.390508
1782922853.2053237,51,1.003001,0.394660
1782922858.8045354,56,0.333226,0.187047
1782922859.5711417,56,0.355128,0.016083
1782922860.3377008,56,0.355128,0.016083
1782922861.104259,56,0.355128,0.016083
1782922862.2707613,56,0.355128,0.016083
1782922863.0039916,56,0.355128,0.016083
1782922863.7372222,56,0.355128,0.016083
1782922864.4704516,56,0.355128,0.016083
1782922865.7369406,56,0.355128,0.016083
1782922866.5368276,56,0.355128,0.016083
1782922867.4033458,56,0.355128,0.016083
1782922868.5698488,56,0.355128,0.016083
1782922869.8030086,56,0.355128,0.016083
1782922871.1028254,56,0.355128,0.016083
1782922872.3693137,56,0.355128,0.016083
1782922873.7024596,56,0.355128,0.016083
1782922874.5690033,56,0.349543,0.124661
1782922875.368868,56,0.377939,0.322663
1782922880.2681775,51,0.983810,0.387994
1782922884.0345118,51,0.964318,0.392962
1782922885.0676994,51,0.920147,0.404694
1782922889.733709,51,0.714323,0.394446
1782922891.0668552,51,0.662028,0.038407
1782922892.299975,51,0.662028,0.038407
1782922893.333162,51,0.551628,-0.229358
1782922898.0324998,56,0.643721,0.396787
1782922898.9656332,56,0.643721,0.396787
1782922900.532079,56,0.527958,0.366322
1782922901.8652244,56,0.453567,0.274767
1782922902.9317408,56,0.443559,0.307232
1782922909.4308853,54,1.200412,-0.189146
1782922910.7307026,26,0.825044,0.394651
1782922910.7307026,54,0.739690,-0.255401
1782922911.7972186,54,0.845311,-0.318668
1782922913.0970356,54,1.053039,-0.384314
1782922915.1634119,51,0.604007,-0.160254
1782922916.3967047,51,0.602089,-0.157808
1782922917.596536,51,0.657469,-0.065736
1782922919.3962843,26,0.447019,-0.360501
1782922920.2628274,26,0.392979,-0.272247
1782922921.4959872,26,0.423706,0.083588
1782922922.529175,26,0.427932,0.270940
1782922924.9953697,54,0.617361,-0.250460
1782922926.1618721,54,0.630209,-0.261001
1782922926.1618721,49,1.426396,0.138935
1782922927.4616885,54,0.627019,-0.323739
1782922927.4616885,49,1.095138,0.164409
1782922928.7948353,54,0.593610,-0.349693
1782922928.7948353,0,0.834955,0.398969
1782922928.7948353,49,0.873590,0.194605
1782922930.1613092,54,0.571207,-0.359200
1782922930.1613092,0,0.814269,0.405079
1782922930.1613092,49,0.724692,0.214088
1782922931.4611254,49,0.981429,0.145488
1782922932.6942852,0,0.486479,0.211004
1782922932.6942852,49,0.732634,-0.204262
1782922933.5275004,0,0.611777,-0.026964
1782922933.5275004,49,0.273138,-0.410134
1782922934.2607315,0,0.616020,-0.035937
1782922934.2607315,49,1.090495,-0.392006
1782922935.5605478,0,0.616020,-0.035937
1782922935.5605478,49,1.069922,-0.391481
1782922936.7937086,0,0.616020,-0.035937
1782922936.7937086,49,1.090495,-0.392006
1782922938.0268676,0,0.616020,-0.035937
1782922938.0268676,49,1.090495,-0.392006
1782922939.3933415,0,0.610356,-0.035958
1782922939.3933415,49,1.105661,-0.391769
1782922940.593182,49,1.078250,-0.393789
1782922941.3930697,0,0.562658,-0.035062
1782922941.3930697,49,1.091994,-0.394925
1782922942.6928868,49,1.043301,-0.398562
1782922943.9593754,0,0.464324,-0.039382
1782922943.9593754,49,1.067104,-0.401888
1782922944.7592626,0,0.454473,0.059533
1782922946.0590794,0,0.526542,0.382352
1782922946.0590794,49,0.960400,0.010871
1782922947.4255536,49,0.906596,0.103553
1782922948.4921448,49,0.839184,0.112612
1782922949.292034,49,0.764899,0.119288
1782922950.7251644,49,0.594862,0.150106
1782922951.9583235,49,0.398608,0.207387
1782922953.058169,49,0.382591,0.236654
1782922953.891385,49,0.365776,0.268533
1782922955.157873,49,0.362514,0.300347
1782922960.190697,7,0.675769,0.389748
1782922961.5238428,7,0.675769,0.389748
1782922962.7570024,7,0.761352,0.380885
1782922964.0568194,7,0.421113,0.348911
1782922966.0232277,7,0.636318,0.350161
1782922967.2897155,7,0.626860,0.357449
1782922968.6561902,7,0.607580,0.368023
1782922968.6561902,18,1.406710,-0.183073
1782922969.8560205,7,0.589286,0.376922
1782922971.189167,7,0.571550,0.387636
1782922971.189167,18,1.082393,-0.205323
1782922972.5223138,7,0.568041,0.387482
1782922972.5223138,18,1.082393,-0.205323
1782922979.354636,29,0.323423,-0.187626
1782922982.9541638,29,0.304980,0.120612
1782922983.6540654,29,0.309336,0.188969
1782922984.8872256,29,0.309336,0.188969
1782922986.087056,29,0.426464,0.357173
1782922988.1201034,26,1.033939,-0.234068
1782922990.5197337,86,0.776224,0.149291
1782922991.419607,29,0.433589,0.360928
1782922992.6194377,29,0.309300,-0.074414
1782922994.6191566,7,0.343560,0.101036
1782922997.1521611,0,0.476936,0.241580
1782923003.7179024,29,0.301302,-0.015826
1782923007.184227,7,0.457762,0.349743
1782923008.58403,7,0.346205,0.187438
1782923009.8838468,7,0.356390,0.217706
1782923010.7837207,7,0.474119,0.370232
1782923011.683594,18,1.283891,-0.169037
1782923014.9164283,29,0.310939,0.163021
1782923021.3155274,29,0.304092,0.090531
1782923022.0820858,29,0.315362,-0.109664
1782923022.8820446,29,0.321295,-0.140568
1782923025.5150068,18,0.910526,0.234471
1782923026.8148236,18,1.141972,-0.173024
1782923028.1479692,18,1.039043,-0.203813
1782923030.9142218,18,0.773421,-0.237623
1782923032.2473683,18,0.766674,-0.245334
1782923033.0472538,18,0.766674,-0.245334
1782923033.9137988,18,0.353536,-0.298305
1782923035.0469725,7,0.390786,0.327550
1782923036.3467898,7,0.317039,0.269952
1782923037.5466208,7,0.321856,0.273667
1782923038.7798479,7,0.321856,0.273667
1782923039.579737,7,0.317039,0.269952
1782923040.7795663,7,0.310809,0.264214
1782923041.8127542,7,0.310809,0.264214
1782923043.0459137,7,0.310809,0.264214
1782923044.2790735,7,0.310809,0.264214
1782923045.0123038,7,0.422469,0.359819
1782923047.1453414,18,1.495599,0.071645
1782923050.0782611,18,1.307678,0.090178
1782923051.3447514,18,1.307678,0.090178
1782923052.6112378,18,1.334825,0.044958
1782923053.4444542,18,1.260221,-0.106934
1782923054.2443833,18,0.728553,-0.262396
1782923055.010942,18,1.132474,-0.363230
1782923059.7769372,24,1.223245,0.290076
1782923063.5431461,59,0.953745,-0.273198
1782923067.309283,18,1.131642,-0.403265
1782923068.2424848,18,0.721088,-0.319543
1782923069.1090288,18,0.902620,-0.042537
1782923069.8422592,18,0.717508,0.147044
1782923071.2422554,18,1.110305,0.401011
1782923072.2754421,16,0.318290,-0.230282
1782923073.7752311,16,0.338801,-0.091322
1782923075.2750218,16,0.338801,-0.091322
1782923076.7748086,16,0.338801,-0.091322
1782923077.8744402,16,0.338801,-0.091322
1782923079.274243,16,0.338801,-0.091322
1782923080.3074307,16,0.311540,-0.219188
1782923082.6071067,18,0.732704,0.140363
1782923083.6069665,18,0.624403,-0.174987
1782923085.97331,18,0.870593,-0.362689
1782923085.97331,59,1.416007,0.338831
1782923088.1730008,59,0.973501,-0.231591
1782923089.8394327,59,1.318753,-0.311723
1782923090.8726206,59,1.294658,-0.358669
1782923093.5723925,24,1.335470,0.350754
1782923095.5387821,24,1.367534,0.351183
1782923096.4053268,24,1.347091,0.355036
1782923097.6384866,24,1.305269,0.363592
1782923098.9383037,24,1.246834,0.370597
1782923100.2381206,24,1.260365,0.376372
1782923101.4379442,24,1.260365,0.376372
1782923102.2045028,24,1.260365,0.376372
1782923103.5376487,24,1.260365,0.376372
1782923104.7374806,24,1.099331,0.312175
1782923105.970641,24,1.368768,-0.069181
1782923107.170471,24,0.754637,-0.270424
1782923108.4369586,24,0.830608,-0.287147
1782923109.6701012,36,1.485684,0.399804
1782923109.6701012,24,0.938832,-0.314059
1782923110.4366596,24,1.365614,-0.399683
1782923111.6031613,36,1.257181,0.014689
1782923112.8696504,36,1.257181,0.014689
1782923115.4359553,10,0.983474,0.307904
1782923116.6357865,10,1.224631,-0.058653
1782923117.835689,10,0.878340,-0.293729
1782923119.068849,10,0.980713,-0.354431
1782923119.068849,44,1.102347,0.223515
1782923119.8354073,10,0.975172,-0.357440
1782923119.8354073,44,1.099708,0.223560
1782923120.5686374,10,0.989472,-0.361004
1782923120.5686374,44,1.098121,0.223750
1782923121.868455,10,0.947256,-0.362345
1782923121.868455,44,1.098121,0.223750
1782923123.168272,10,0.947256,-0.362345
1782923124.0014884,10,0.964207,-0.362383
1782923124.0014884,44,1.009975,0.227115
1782923124.768046,10,0.964207,-0.362383
1782923124.768046,44,1.009975,0.227115
1782923126.1344454,10,0.964207,-0.362383
1782923126.1344454,44,1.009975,0.227115
1782923127.434263,10,0.964207,-0.362383
1782923127.434263,44,1.009975,0.227115
1782923128.8007367,10,0.964207,-0.362383
1782923128.8007367,44,1.009975,0.227115
1782923130.167211,10,0.964207,-0.362383
1782923130.167211,44,0.951848,0.230073
1782923131.5003567,10,1.059136,-0.379841
1782923135.766591,44,1.449450,-0.132725
1782923136.5998073,44,1.227382,-0.147613
1782923138.0329387,44,0.908268,-0.183618
1782923138.9994693,47,0.642149,0.374397
1782923138.9994693,44,1.076620,-0.123078
1782923139.9660003,9,0.772398,-0.399267
1782923139.9660003,44,1.221768,0.047257
1782923140.8658733,9,0.766401,-0.401316
1782923140.8658733,44,1.191350,0.052164
1782923141.665738,9,0.759997,-0.403387
1782923141.665738,44,1.169834,0.054986
1782923142.8655694,44,1.101013,0.056939
1782923143.6321278,44,1.051668,0.057381
1782923144.3986862,9,0.612967,-0.389319
1782923144.3986862,44,0.596505,0.248269
1782923145.431874,9,0.489906,-0.281618
1782923145.431874,44,0.888392,0.390348
1782923147.0649776,9,0.489906,-0.281618
1782923147.0649776,44,0.888392,0.390348
1782923148.098166,9,0.489906,-0.281618
1782923148.098166,44,0.888392,0.390348
1782923149.0313673,9,0.489906,-0.281618
1782923149.0313673,44,0.888392,0.390348
1782923151.0977917,9,0.489906,-0.281618
1782923151.0977917,44,0.888392,0.390348
1782923151.8310218,9,0.489906,-0.281618
1782923151.8310218,44,0.888392,0.390348
1782923153.1308393,9,0.531686,-0.099896
1782923154.3973272,9,0.602140,-0.386782
1782923154.3973272,44,0.627690,0.264918
1782923155.6304867,44,1.059203,0.022228
1782923156.996961,44,1.023024,0.014901
1782923158.330359,44,0.958647,0.017336
1782923159.6301765,44,0.714570,0.028631
1782923160.4300632,44,0.551075,0.038093
1782923161.2299507,44,0.335440,0.067911
1782923161.9631805,44,0.309706,0.085185
1782923165.7957113,9,0.347434,0.074314
1782923167.1288567,9,0.347434,0.074314
1782923168.462002,9,0.347434,0.074314
1782923169.7951481,9,0.347434,0.074314
1782923171.1282938,9,0.344043,0.074870
1782923171.9615097,9,0.344043,0.074870
1782923172.794726,9,0.344043,0.074870
1782923174.1279135,9,0.344043,0.074870
1782923174.9278002,9,0.351333,0.162306
1782923176.294274,9,0.486154,0.392716
1782923187.0593998,36,1.407778,0.391146
1782923188.8258183,36,1.266585,0.396062
1782923191.3922346,36,1.018667,0.019840
1782923192.3920937,36,0.947850,-0.095395
1782923194.2251685,36,0.609630,-0.133840
1782923195.791615,36,0.510319,-0.164545
1782923197.3913896,36,0.460753,-0.179938
1782923198.9245384,36,0.450376,-0.187314
1782923200.4576569,36,0.476735,-0.277684
1782923203.1239476,10,0.371495,0.350977
1782923203.1239476,38,1.240234,-0.101556
1782923204.1904635,10,0.371495,0.350977
1782923204.1904635,38,1.240234,-0.101556
1782923205.5902665,10,0.371495,0.350977
1782923205.5902665,38,1.240234,-0.101556
1782923206.8568306,10,0.391914,0.325064
1782923206.8568306,38,1.270898,-0.100660
1782923208.156648,10,0.478201,0.277393
1782923208.156648,38,1.439005,-0.088674
1782923209.4564643,10,0.472518,0.279092
1782923209.4564643,38,1.403843,-0.086934
1782923210.3230093,10,0.472518,0.279092
1782923210.3230093,38,1.403843,-0.086934
1782923212.0894277,10,0.472518,0.279092
1782923212.0894277,38,1.403843,-0.086934
1782923213.455901,10,0.472518,0.279092
1782923213.455901,38,1.403843,-0.086934
1782923214.7890217,10,0.472518,0.279092
1782923214.7890217,38,1.403843,-0.086934
1782923215.922196,10,0.478201,0.277393
1782923215.922196,38,1.403843,-0.086934
1782923216.6887548,10,0.472518,0.279092
1782923216.6887548,38,1.403843,-0.086934
1782923217.4553127,10,0.478811,0.278366
1782923217.4553127,38,1.403843,-0.086934
1782923218.5551586,10,0.479074,0.066802
1782923218.5551586,38,1.166206,-0.363324
1782923221.1547918,10,0.493914,0.039106
1782923221.1547918,38,1.225738,-0.374968
1782923222.021371,10,0.481411,0.065723
1782923222.021371,38,1.173387,-0.364695
1782923223.9211025,10,0.427884,0.362313
1782923223.9211025,38,1.353647,-0.023502
1782923225.1875904,10,0.420362,0.368607
1782923225.1875904,38,1.356212,-0.024795
1782923226.487408,10,0.421657,0.368897
1782923226.487408,38,1.324434,-0.024855
1782923227.8205528,10,0.418768,0.373196
1782923227.8205528,38,1.299995,-0.022298
1782923229.1203704,38,1.281725,0.100717
1782923230.4536111,38,1.281725,0.100717
1782923231.753429,38,1.281725,0.100717
1782923233.0865738,38,0.700483,0.259910
1782923234.2864082,38,1.197469,0.381062
1782923236.8193812,38,1.433019,0.410848
1782923248.4177966,38,0.920195,0.383575
1782923249.6842859,38,0.830803,0.141126
1782923250.9507737,38,0.942869,0.007121
1782923252.2839193,38,0.937820,0.005977
1782923253.5171034,38,0.908062,-0.001590
1782923254.9502351,38,0.868369,0.000960
1782923256.2167242,38,0.809047,0.000271
1782923257.5165405,38,0.734353,0.003811
1782923258.8163576,38,0.667921,0.004900
1782923260.1161747,38,0.586723,0.007084
1782923261.4160652,38,0.485804,0.011848
1782923262.749211,38,0.423637,0.014773
1782923264.0823567,38,0.411641,-0.045311
1782923265.0155582,38,0.401489,-0.285839
1782923266.6153333,25,0.675037,0.376285
1782923267.8484929,25,0.455545,-0.177210
1782923268.9150093,25,0.612547,-0.359894
1782923270.0147867,25,0.612547,-0.359894
1782923270.981318,25,0.612547,-0.359894
1782923271.9145195,25,0.612547,-0.359894
1782923272.8477213,25,0.612547,-0.359894
1782923273.7475953,25,0.612547,-0.359894
1782923274.5808108,25,0.612547,-0.359894
1782923275.314041,25,0.765444,-0.395409
1782923289.1121514,30,1.418472,-0.097141
1782923290.3786404,30,1.177098,-0.111183
1782923291.711786,30,0.804453,-0.150986
1782923292.57833,30,0.489347,-0.217444
1782923293.8782797,30,0.386236,-0.318859
1782923294.8448102,30,0.433510,-0.362362
1782923297.8110585,30,0.392632,0.272439
1782923299.244191,59,0.744690,-0.305614
1782923302.277205,59,0.764309,-0.263329
1782923303.5103643,59,0.752488,-0.261479
1782923305.4767537,58,0.806727,-0.295507
1782923305.4767537,59,0.938767,0.135455
1782923306.2766416,58,1.165528,-0.061798
1782923307.4431436,58,1.165528,-0.061798
1782923308.7430685,58,1.149457,-0.061641
1782923310.0428846,58,1.149457,-0.061641
1782923311.4426875,58,1.099429,-0.060369
1782923312.7758338,59,0.794759,0.390421
1782923312.7758338,58,0.909587,-0.072165
1782923314.0089936,59,0.793397,0.392977
1782923314.0089936,58,0.863498,-0.074605
1782923315.3421388,59,0.799629,0.393072
1782923315.3421388,58,0.863498,-0.074605
1782923316.575299,59,0.808895,0.393204
1782923316.575299,58,0.863498,-0.074605
1782923317.3417747,59,0.789198,0.395459
1782923317.3417747,58,0.859629,-0.074793
1782923318.7415779,59,0.782597,0.400427
1782923318.7415779,58,0.804918,-0.077595
1782923319.541465,59,0.778330,0.403714
1782923319.541465,58,0.776967,-0.080492
1782923320.507996,58,0.723157,-0.083183
1782923321.2412255,58,0.675737,-0.088979
1782923322.6077003,58,0.595748,-0.096845
1782923323.9741745,58,0.518574,-0.107326
1782923324.807391,58,0.476989,-0.109576
1782923325.5406246,58,0.482095,-0.109129
1782923326.807113,58,0.454187,0.271259
1782923340.9051878,24,1.230051,-0.401014
1782923341.705028,24,0.871251,-0.316861
1782923343.038174,24,1.064975,0.134337
1782923344.1380184,24,1.204288,0.399661
1782923347.6041968,30,0.567332,0.368526
1782923348.9040143,30,0.706852,0.401956
1782923352.6368558,30,0.649363,0.388501
1782923354.3366172,24,1.132352,0.393546
1782923355.6031046,24,1.127251,0.396267
1782923356.4363213,24,1.112102,0.399266
1782923357.669546,24,0.853805,0.373697
1782923358.902705,24,0.628685,0.243185
1782923377.7668352,30,0.485598,0.368097
1782923378.6667082,30,0.486820,0.369334
1782923379.4332666,30,0.490363,0.369652
1782923380.499783,30,0.487303,0.369478
1782923381.2663357,30,0.483721,0.369404
1782923382.5661528,30,0.483721,0.369404
1782923384.6658573,30,0.490710,0.009239
1782923385.9656737,30,0.474769,-0.362006
1782923389.8318412,24,0.828596,-0.143759
1782923390.698386,24,1.050921,-0.403472
1782923400.9638286,30,0.450758,0.348056
1782923404.430007,59,0.726296,-0.405236
1782923405.1297274,59,0.726296,-0.405236
1782923406.4962037,59,0.726296,-0.405236
1782923408.1626332,59,0.702047,-0.401237
1782923410.828925,59,0.707236,-0.401012
1782923412.0287561,59,0.707236,-0.401012
1782923413.1619506,59,0.707236,-0.401012
1782923414.1951375,59,0.707236,-0.401012
1782923415.8282413,59,0.707236,-0.401012
1782923416.561471,59,0.707236,-0.401012
1782923419.1944344,30,0.419017,-0.193423
1782923423.0273433,24,0.803951,0.371880
1782923424.293832,24,0.800534,0.374558
1782923425.493663,24,0.796119,0.374110
1782923426.7268221,24,0.799105,0.374808
1782923427.5600383,24,0.791546,0.378341
1782923428.8598557,24,0.771064,0.389495
1782923429.859693,24,0.760202,0.395753
1782923434.0591006,30,0.422764,-0.263460
1782923436.0254912,59,0.679280,-0.327414
1782923437.3253078,59,0.683065,-0.332034
1782923438.0918667,59,0.683065,-0.332034
1782923439.325166,59,0.683065,-0.332034
1782923440.025067,59,0.683065,-0.332034
1782923441.3582134,59,0.691539,-0.332014
1782923442.291415,59,0.683065,-0.332034
1782923443.0913024,59,0.683065,-0.332034
1782923443.8911958,59,0.683065,-0.332034
1782923444.6910763,59,0.683065,-0.332034
1782923445.4909642,59,0.683065,-0.332034
1782923446.8240876,59,1.026958,-0.408487
1782923448.090575,30,0.395439,0.145496
1782923449.4570498,30,0.427742,-0.121195
1782923450.2902663,30,0.419642,-0.123670
1782923451.1234813,30,0.419642,-0.123670
1782923451.8567111,30,0.419642,-0.123670
1782923453.223186,30,0.437293,-0.310710
1782923460.5888,38,1.442655,-0.237703
1782923461.888617,10,1.303408,0.310888
1782923463.1551614,10,1.476136,0.365720
1782923464.4549782,10,1.492085,0.367605
1782923465.7881243,10,1.482459,0.374427
1782923467.0546126,10,1.429160,0.382201
1782923467.8545003,10,1.376365,0.387260
1782923469.1209886,10,1.084199,0.356735
1782923470.354303,10,1.062945,-0.162003
1782923472.787294,47,1.357173,-0.305315
1782923474.0537813,47,1.357173,-0.305315
1782923475.3202698,47,1.357173,-0.305315
1782923477.7865894,16,1.193628,0.139617
1782923479.0198073,16,1.355784,-0.082140
1782923480.2862957,16,0.851184,-0.205202
1782923484.0857604,47,0.852137,-0.369354
1782923485.5188918,47,1.102937,-0.379194
1782923486.8187091,29,0.823872,0.282158
1782923488.1184149,47,0.751899,-0.363114
1782923488.1184149,29,1.021501,0.360671
1782923488.9183016,29,1.160967,0.380393
1782923490.2181182,47,1.010477,-0.405988
1782923490.2181182,29,1.083858,0.140863
1782923491.4512782,47,0.999579,-0.406880
1782923491.4512782,29,1.029187,0.153166
1782923492.7177663,29,0.930117,0.148327
1782923493.5843112,29,1.010837,0.008551
1782923494.717486,29,0.893275,-0.041684
1782923495.717967,29,0.830267,-0.041327
1782923496.9511266,29,0.846236,0.009305
1782923498.2509432,29,0.576252,-0.239329
1782923498.2509432,17,0.954649,0.329559
1782923499.5840888,29,0.344639,-0.381813
1782923500.517291,29,0.818749,-0.377391
1782923501.450493,29,0.763573,-0.396098
1782923507.5492346,34,1.044857,-0.411636
1782923511.3152146,20,1.104148,-0.408433
1782923512.2817442,17,1.290801,-0.367001
1782923512.2817442,13,1.129309,0.262217
1782923513.1482892,17,1.443846,-0.401470
1782923515.414637,13,1.234114,0.161858
1782923516.1811953,13,0.889217,0.197871
1782923517.5143416,13,0.708568,0.270990
1782923518.8809133,28,1.439848,-0.343220
1782923520.1807299,28,1.199724,-0.338660
1782923521.0806026,28,1.339171,-0.388853
1782923523.6802366,23,0.727286,0.334253
1782923524.5801098,23,0.756916,0.387635
1782923527.113139,41,0.864301,0.201216
1782923529.4128153,32,1.347895,-0.401175
1782923534.5454257,32,0.714066,-0.395659
1782923537.0783741,40,0.900958,-0.144312
1782923539.5446937,40,0.918897,0.002687
1782923541.6110687,40,0.724163,0.092208
