time,tag_id,distance,bearing
1778592179.0141778,10,0.245790,-0.046499
1778592179.0475063,10,0.245790,-0.046499
1778592179.080835,10,0.245790,-0.046499
1778592179.1141636,10,0.245790,-0.046499
1778592179.1474922,10,0.245790,-0.046499
1778592179.180821,10,0.245790,-0.046499
1778592179.2141495,10,0.245790,-0.046499
1778592179.2474785,10,0.245790,-0.046499
1778592179.2808068,10,0.245790,-0.046499
1778592179.3141356,10,0.245790,-0.046499
1778592179.3474643,10,0.245790,-0.046499
1778592179.3807926,10,0.245790,-0.046499
1778592179.4141214,10,0.245790,-0.046499
1778592179.44745,10,0.245790,-0.046499
1778592179.4807787,10,0.245790,-0.046499
1778592179.5141075,10,0.245790,-0.046499
1778592179.547436,10,0.245790,-0.046499
1778592179.580765,10,0.245790,-0.046499
1778592179.6140933,10,0.245790,-0.046499
1778592179.6474218,10,0.245790,-0.046499
1778592179.6807506,10,0.245790,-0.046499
1778592179.7140791,10,0.245790,-0.046499
1778592179.747408,10,0.245790,-0.046499
1778592179.7807364,10,0.245790,-0.046499
1778592179.814065,10,0.245790,-0.046499
1778592179.8473938,10,0.245790,-0.046499
1778592179.8807223,10,0.245790,-0.046499
1778592179.9140513,10,0.245790,-0.046499
1778592179.9473805,10,0.245790,-0.046499
1778592179.9807084,10,0.245790,-0.046499
1778592180.014037,10,0.245790,-0.046499
1778592180.0473654,10,0.245790,-0.046499
1778592180.0806944,10,0.245790,-0.046499
1778592180.1140227,10,0.245790,-0.046499
1778592180.1473515,10,0.245790,-0.046499
1778592180.18068,10,0.245790,-0.046499
1778592180.2140088,10,0.245790,-0.046499
1778592180.2473378,10,0.245790,-0.046499
1778592180.280666,10,0.245790,-0.046499
1778592180.3139946,10,0.245790,-0.046499
1778592180.3473234,10,0.245790,-0.046499
1778592180.380652,10,0.245790,-0.046499
1778592180.4139807,10,0.245790,-0.046499
1778592180.4473093,10,0.245790,-0.046499
1778592180.4806378,10,0.245790,-0.046499
1778592180.5139668,10,0.245790,-0.046499
1778592180.547295,10,0.245790,-0.046499
1778592180.5806243,10,0.245790,-0.046499
1778592180.6155963,10,0.245790,-0.046499
1778592180.6489248,10,0.245790,-0.046499
1778592180.6822534,10,0.245790,-0.046499
1778592180.715582,10,0.245790,-0.046499
1778592180.748911,10,0.245790,-0.046499
1778592180.7822394,10,0.245790,-0.046499
1778592180.815568,10,0.245790,-0.046499
1778592180.8488967,10,0.245790,-0.046499
1778592180.8822253,10,0.245790,-0.046499
1778592180.915554,10,0.245790,-0.046499
1778592180.9488826,10,0.245790,-0.046499
1778592180.982211,10,0.245790,-0.046499
1778592181.01554,10,0.245790,-0.046499
1778592181.0488684,10,0.245790,-0.046499
1778592181.0821972,10,0.245790,-0.046499
1778592181.1155257,10,0.245790,-0.046499
1778592181.1488543,10,0.245790,-0.046499
1778592181.182183,10,0.245790,-0.046499
1778592181.2155116,10,0.245790,-0.046499
1778592181.2488406,10,0.245790,-0.046499
1778592181.2821689,10,0.245790,-0.046499
1778592181.3154976,10,0.245790,-0.046499
1778592181.3488262,10,0.245790,-0.046499
1778592181.3821547,10,0.245790,-0.046499
1778592181.4154837,10,0.245790,-0.046499
1778592181.448812,10,0.245790,-0.046499
1778592181.4821408,10,0.245790,-0.046499
1778592181.5154698,10,0.245790,-0.046499
1778592181.548798,10,0.245790,-0.046499
1778592181.582127,10,0.245790,-0.046499
1778592181.6154554,10,0.245790,-0.046499
1778592181.6487842,10,0.245790,-0.046499
1778592181.6821127,10,0.245790,-0.046499
1778592181.7154412,10,0.245790,-0.046499
1778592181.74877,10,0.245790,-0.046499
1778592181.7820985,10,0.245790,-0.046499
1778592181.815427,10,0.245790,-0.046499
1778592181.8487558,10,0.245790,-0.046499
1778592181.8820844,10,0.245790,-0.046499
1778592181.9154134,10,0.245790,-0.046499
1778592181.9487417,10,0.245790,-0.046499
1778592181.9820704,10,0.245790,-0.046499
1778592182.015399,10,0.245790,-0.046499
1778592182.0487278,10,0.245790,-0.046499
1778592182.0820565,10,0.245790,-0.046499
1778592182.1153848,10,0.245790,-0.046499
1778592182.1487136,10,0.245790,-0.046499
1778592182.1820421,10,0.245790,-0.046499
1778592182.215371,10,0.245790,-0.046499
1778592182.2487,10,0.245790,-0.046499
1778592182.2820282,10,0.245790,-0.046499
1778592182.3153567,10,0.245790,-0.046499
1778592182.3486855,10,0.245790,-0.046499
1778592182.3820143,10,0.245790,-0.046499
1778592182.4153428,10,0.245790,-0.046499
1778592182.4486713,10,0.245790,-0.046499
1778592182.4819999,10,0.245790,-0.046499
1778592182.5153291,10,0.245790,-0.046499
1778592182.5486574,10,0.245790,-0.046499
1778592182.5819862,10,0.245790,-0.046499
1778592182.6153145,10,0.245790,-0.046499
1778592182.6486433,10,0.245790,-0.046499
1778592182.6819718,10,0.245790,-0.046499
1778592182.7153006,10,0.245790,-0.046499
1778592182.7486293,10,0.245790,-0.046499
1778592182.7819576,10,0.245790,-0.046499
1778592182.8152864,10,0.245790,-0.046499
1778592182.848615,10,0.245790,-0.046499
1778592182.8819437,10,0.245790,-0.046499
1778592182.9152727,10,0.245790,-0.046499
1778592182.948601,10,0.245790,-0.046499
1778592182.9819295,10,0.245790,-0.046499
1778592183.0152583,10,0.245790,-0.046499
1778592183.0485868,10,0.245790,-0.046499
1778592183.0819156,10,0.245790,-0.046499
1778592183.1152442,10,0.245790,-0.046499
1778592183.1485727,10,0.245790,-0.046499
1778592183.1819015,10,0.245790,-0.046499
1778592183.21523,10,0.245790,-0.046499
1778592183.2485592,10,0.245790,-0.046499
1778592183.2818873,10,0.245790,-0.046499
1778592183.315216,10,0.245790,-0.046499
1778592183.3485446,10,0.245790,-0.046499
1778592183.3818731,10,0.245790,-0.046499
1778592183.415202,10,0.245790,-0.046499
1778592183.4485304,10,0.245790,-0.046499
1778592183.481859,10,0.245790,-0.046499
1778592183.5151882,10,0.245790,-0.046499
1778592183.5485165,10,0.245790,-0.046499
1778592183.5818455,10,0.245790,-0.046499
1778592183.6151738,10,0.245790,-0.046499
1778592183.6485026,10,0.245790,-0.046499
1778592183.6818311,10,0.245790,-0.046499
1778592183.71516,10,0.245790,-0.046499
1778592183.7484884,10,0.245790,-0.046499
1778592183.781817,10,0.245790,-0.046499
1778592183.8151455,10,0.245790,-0.046499
1778592183.8484743,10,0.245790,-0.046499
1778592183.8818028,10,0.245790,-0.046499
1778592183.9151316,10,0.245790,-0.046499
1778592183.9484603,10,0.245790,-0.046499
1778592183.9817889,10,0.245790,-0.046499
1778592184.0151174,10,0.246656,-0.047148
1778592184.048446,10,0.246656,-0.047148
1778592184.0817747,10,0.248441,-0.048619
1778592184.1151032,10,0.248441,-0.048619
1778592184.1484318,10,0.246656,-0.047148
1778592184.1817605,10,0.245790,-0.046499
1778592184.2150893,10,0.246140,-0.047670
1778592184.248418,10,0.246140,-0.047670
1778592184.2817466,10,0.246140,-0.047670
1778592184.3150752,10,0.246140,-0.047670
1778592184.348404,10,0.246140,-0.047670
1778592184.3817325,10,0.246140,-0.047670
1778592184.4150612,10,0.246140,-0.047670
1778592184.4483895,10,0.246140,-0.047670
1778592184.4817183,10,0.246140,-0.047670
1778592184.914991,10,0.246413,-0.044586
1778592184.9483194,10,0.247627,-0.044688
1778592184.9816482,10,0.261324,-0.039969
1778592185.0149767,10,0.281532,-0.041009
1778592185.0483053,10,0.280202,-0.045920
1778592185.081634,10,0.270503,-0.055685
1778592185.1149623,10,0.273366,-0.068587
1778592185.148291,10,0.277752,-0.072495
1778592185.18162,10,0.291270,-0.071109
1778592185.2149487,10,0.305434,-0.071186
1778592185.2482774,10,0.323989,-0.069631
1778592185.2816057,10,0.343318,-0.071081
1778592185.3149345,10,0.357950,-0.071356
1778592185.6815495,10,0.546284,-0.089341
1778592185.714878,10,0.492145,-0.088432
1778592185.7482069,10,0.480581,-0.088169
1778592185.7815351,10,0.458400,-0.088696
1778592185.8148642,10,0.440888,-0.087608
1778592185.8481927,10,0.429374,-0.088118
1778592185.8815212,10,0.420573,-0.088775
1778592185.9148502,10,0.430493,-0.087495
1778592185.9481785,10,0.427104,-0.085987
1778592185.9815073,10,0.432421,-0.083619
1778592186.0148358,10,0.456355,-0.068875
1778592186.0481644,10,0.491069,-0.067983
1778592186.0814931,10,0.531953,-0.060458
1778592186.1148217,10,0.556373,-0.058231
1778592186.1481507,10,0.590491,-0.053806
1778592186.181479,10,0.619877,-0.050502
1778592186.2148077,10,0.636711,-0.048020
1778592186.2481368,10,0.653707,-0.044876
1778592186.281465,10,0.670241,-0.043498
1778592186.3147936,10,0.679186,-0.044019
1778592186.3481224,10,0.676413,-0.039338
1778592186.381451,10,0.688867,-0.041636
1778592186.4147797,10,0.689082,-0.039149
1778592186.448108,10,0.703112,-0.041166
1778592186.4814367,10,0.705542,-0.041077
1778592186.514766,10,0.708098,-0.039364
1778592186.5480943,10,0.708947,-0.039331
1778592186.5814228,10,0.715227,-0.035814
1778592186.6147513,10,0.709193,-0.033903
1778592186.64808,10,0.709808,-0.033895
1778592186.6814086,10,0.711915,-0.035807
1778592186.7147374,10,0.712436,-0.034229
1778592186.748066,10,0.700251,-0.031842
1778592186.7813945,10,0.707858,-0.032808
1778592186.814723,10,0.708049,-0.032751
1778592186.8480518,10,0.708533,-0.032736
1778592186.8813806,10,0.709469,-0.032026
1778592186.9147093,10,0.712852,-0.032184
1778592186.9480379,10,0.708975,-0.032722
1778592186.9813664,10,0.705456,-0.032914
1778592187.0146952,10,0.709376,-0.032711
1778592187.0480237,10,0.708503,-0.031796
1778592187.0813525,10,0.710721,-0.031764
1778592187.1146808,10,0.710721,-0.031764
1778592187.1480095,10,0.706153,-0.030398
1778592187.1813383,10,0.714266,-0.030705
1778592187.214667,10,0.705863,-0.028828
1778592187.2479956,10,0.705853,-0.027852
1778592187.2813241,10,0.713135,-0.029222
1778592187.3146527,10,0.709410,-0.026753
1778592187.3479815,10,0.702869,-0.026847
1778592187.38131,10,0.710949,-0.027669
1778592187.4146388,10,0.706394,-0.025343
1778592187.4479673,10,0.706394,-0.025343
1778592187.4812958,10,0.713493,-0.026690
1778592187.5146246,10,0.706130,-0.025342
1778592187.5479534,10,0.713913,-0.025696
1778592187.5812821,10,0.705795,-0.025340
1778592187.6146107,10,0.705795,-0.025340
1778592187.6479394,10,0.705334,-0.023795
1778592187.681268,10,0.704772,-0.022803
1778592187.7145965,10,0.711531,-0.024259
1778592187.7479253,10,0.704229,-0.022803
1778592187.7812538,10,0.702336,-0.021838
1778592187.8145823,10,0.701908,-0.021844
1778592187.8479111,10,0.705754,-0.021631
1778592187.8812397,10,0.709645,-0.022696
1778592187.9145687,10,0.707927,-0.021727
1778592187.947897,10,0.702923,-0.022803
1778592187.9812255,10,0.702923,-0.022803
1778592188.0145545,10,0.709602,-0.024314
1778592188.0478828,10,0.709602,-0.024314
1778592188.0812116,10,0.709602,-0.024314
1778592188.11454,10,0.709602,-0.024314
1778592188.1478686,10,0.709602,-0.024314
1778592188.1811974,10,0.709602,-0.024314
1778592188.2145262,10,0.709602,-0.024314
1778592188.2478547,10,0.709602,-0.024314
1778592188.2811832,10,0.709602,-0.024314
1778592188.314512,10,0.709602,-0.024314
1778592188.3478405,10,0.709602,-0.024314
1778592188.3811693,10,0.709925,-0.022903
1778592188.4144983,10,0.709925,-0.022903
1778592188.4478264,10,0.709925,-0.022903
1778592188.4811552,10,0.709925,-0.022903
1778592188.514484,10,0.710471,-0.023792
1778592188.5478125,10,0.710471,-0.023792
1778592188.5811412,10,0.710471,-0.023792
1778592188.6144698,10,0.719531,-0.024081
1778592188.6477983,10,0.719531,-0.024081
1778592188.681127,10,0.727656,-0.025428
1778592188.7144556,10,0.719531,-0.024081
1778592188.7477844,10,0.719531,-0.024081
1778592188.781113,10,0.719531,-0.024081
1778592188.8144414,10,0.719531,-0.024081
1778592188.8477702,10,0.719531,-0.024081
1778592188.8810987,10,0.719531,-0.024081
1778592188.9144275,10,0.719531,-0.024081
1778592188.947756,10,0.727656,-0.025428
1778592188.9794734,10,0.727656,-0.025428
1778592189.012802,10,0.719531,-0.024081
1778592189.0461304,10,0.727656,-0.025428
1778592189.0794592,10,0.727656,-0.025428
1778592189.1127875,10,0.727656,-0.025428
1778592189.1461163,10,0.727656,-0.025428
1778592189.179445,10,0.727656,-0.025428
1778592189.2127736,10,0.727656,-0.025428
1778592189.2461026,10,0.727656,-0.025428
1778592189.2794309,10,0.719531,-0.024081
1778592189.3127594,10,0.727656,-0.025428
1778592189.3460882,10,0.727656,-0.025428
1778592189.3794167,10,0.719531,-0.024081
1778592189.4127455,10,0.727656,-0.025428
1778592189.446074,10,0.727656,-0.025428
1778592189.4794025,10,0.727656,-0.025428
1778592189.5127313,10,0.727656,-0.025428
1778592189.54606,10,0.727656,-0.025428
1778592189.5793889,10,0.719531,-0.024081
1778592189.6127174,10,0.719531,-0.024081
1778592189.646046,10,0.719531,-0.024081
1778592189.6793747,10,0.727656,-0.025428
1778592189.7127032,10,0.727656,-0.025428
1778592189.746032,10,0.727656,-0.025428
1778592189.7793605,10,0.727656,-0.025428
1778592189.812689,10,0.727656,-0.025428
1778592189.8460178,10,0.727656,-0.025428
1778592189.8793464,10,0.727656,-0.025428
1778592189.9126756,10,0.727656,-0.025428
1778592189.946004,10,0.727656,-0.025428
1778592189.9793324,10,0.727656,-0.025428
1778592190.012661,10,0.727656,-0.025428
1778592190.0459895,10,0.727656,-0.025428
1778592190.0793185,10,0.727656,-0.025428
1778592190.1126468,10,0.727656,-0.025428
1778592190.1459754,10,0.727656,-0.025428
1778592190.1793041,10,0.727656,-0.025428
1778592190.212633,10,0.727656,-0.025428
1778592190.245962,10,0.727656,-0.025428
1778592190.2792902,10,0.727656,-0.025428
1778592190.3126187,10,0.727656,-0.025428
1778592190.3459473,10,0.727656,-0.025428
1778592190.379276,10,0.727656,-0.025428
1778592190.4126048,10,0.727656,-0.025428
1778592190.445933,10,0.727656,-0.025428
1778592190.4792619,10,0.727656,-0.025428
1778592190.5125906,10,0.719531,-0.024081
1778592190.5459192,10,0.719531,-0.024081
1778592190.579248,10,0.727656,-0.025428
1778592190.6125767,10,0.719531,-0.024081
1778592190.6459053,10,0.727656,-0.025428
1778592190.6792343,10,0.719531,-0.024081
1778592190.7125623,10,0.727656,-0.025428
1778592190.7458913,10,0.727656,-0.025428
1778592190.7792196,10,0.727656,-0.025428
1778592190.8125482,10,0.727656,-0.025428
1778592190.845877,10,0.727656,-0.025428
1778592190.8792057,10,0.727656,-0.025428
1778592190.9125347,10,0.727656,-0.025428
1778592190.945863,10,0.727656,-0.025428
1778592190.9791915,10,0.727656,-0.025428
1778592191.01252,10,0.727656,-0.025428
1778592191.0458488,10,0.727656,-0.025428
1778592191.0791776,10,0.727656,-0.025428
1778592191.112506,10,0.727656,-0.025428
1778592191.1458347,10,0.727656,-0.025428
1778592191.1791635,10,0.727656,-0.025428
1778592191.212492,10,0.727656,-0.025428
1778592191.245821,10,0.727656,-0.025428
1778592191.2791493,10,0.727656,-0.025428
1778592191.3124778,10,0.727656,-0.025428
1778592191.3458066,10,0.727656,-0.025428
1778592191.3791354,10,0.727656,-0.025428
1778592191.412464,10,0.727656,-0.025428
1778592191.4457924,10,0.727656,-0.025428
1778592191.479121,10,0.727656,-0.025428
1778592191.5124497,10,0.719531,-0.024081
1778592191.5457785,10,0.727656,-0.025428
1778592191.5791073,10,0.727656,-0.025428
1778592191.6124358,10,0.727656,-0.025428
1778592191.6457644,10,0.727656,-0.025428
1778592191.679093,10,0.727656,-0.025428
1778592191.7124217,10,0.727656,-0.025428
1778592191.7457504,10,0.727656,-0.025428
1778592191.7790787,10,0.727656,-0.025428
1778592191.8124075,10,0.727656,-0.025428
1778592191.8457363,10,0.727656,-0.025428
1778592191.8790648,10,0.727656,-0.025428
1778592191.9123938,10,0.727656,-0.025428
1778592191.945722,10,0.727656,-0.025428
1778592191.9790506,10,0.727656,-0.025428
1778592192.0123794,10,0.727656,-0.025428
1778592192.0457084,10,0.727656,-0.025428
1778592192.0790367,10,0.727656,-0.025428
1778592192.1123652,10,0.727656,-0.025428
1778592192.1456938,10,0.727656,-0.025428
1778592192.179023,10,0.727656,-0.025428
1778592192.212351,10,0.727656,-0.025428
1778592192.24568,10,0.727656,-0.025428
1778592192.2790084,10,0.727656,-0.025428
1778592192.3123372,10,0.727656,-0.025428
1778592192.3456657,10,0.727656,-0.025428
1778592192.3789945,10,0.727656,-0.025428
1778592192.4123232,10,0.727656,-0.025428
1778592192.4456515,10,0.727656,-0.025428
1778592192.4789803,10,0.727656,-0.025428
1778592192.512309,10,0.727656,-0.025428
1778592192.5456376,10,0.727656,-0.025428
1778592192.5789666,10,0.727656,-0.025428
1778592192.612295,10,0.719531,-0.024081
1778592192.6456234,10,0.727656,-0.025428
1778592192.6789522,10,0.727656,-0.025428
1778592192.7122808,10,0.727656,-0.025428
1778592192.7456095,10,0.727656,-0.025428
1778592192.778938,10,0.727656,-0.025428
1778592192.8122666,10,0.727656,-0.025428
1778592192.8455954,10,0.727656,-0.025428
1778592192.878924,10,0.727656,-0.025428
1778592192.912253,10,0.727656,-0.025428
1778592192.9455812,10,0.727656,-0.025428
1778592192.97891,10,0.727656,-0.025428
1778592193.0122385,10,0.727656,-0.025428
1778592193.0455673,10,0.727656,-0.025428
1778592193.078896,10,0.727656,-0.025428
1778592193.1122243,10,0.727656,-0.025428
1778592193.145553,10,0.727656,-0.025428
1778592193.178882,10,0.727656,-0.025428
1778592193.2122104,10,0.727656,-0.025428
1778592193.2455394,10,0.727656,-0.025428
1778592193.2788677,10,0.727656,-0.025428
1778592193.3121963,10,0.727656,-0.025428
1778592193.345525,10,0.727656,-0.025428
1778592193.3788538,10,0.727656,-0.025428
1778592193.4121823,10,0.727656,-0.025428
1778592193.4455109,10,0.727656,-0.025428
1778592193.4788394,10,0.727656,-0.025428
1778592193.5121682,10,0.727656,-0.025428
1778592193.545497,10,0.727656,-0.025428
1778592193.578826,10,0.727656,-0.025428
1778592193.6121542,10,0.727656,-0.025428
1778592193.6454828,10,0.727656,-0.025428
1778592193.6788116,10,0.727656,-0.025428
1778592193.7121403,10,0.727656,-0.025428
1778592193.7454689,10,0.727656,-0.025428
1778592193.7787971,10,0.727656,-0.025428
1778592193.812126,10,0.727656,-0.025428
1778592193.8454547,10,0.727656,-0.025428
1778592193.8787832,10,0.727656,-0.025428
1778592193.9121122,10,0.727656,-0.025428
1778592193.9454405,10,0.727656,-0.025428
1778592193.978769,10,0.727656,-0.025428
1778592194.0120978,10,0.727656,-0.025428
1778592194.0454266,10,0.727656,-0.025428
1778592194.0787551,10,0.727656,-0.025428
1778592194.1120837,10,0.727656,-0.025428
1778592194.1454122,10,0.727656,-0.025428
1778592194.178741,10,0.727656,-0.025428
1778592194.2120695,10,0.727656,-0.025428
1778592194.2453988,10,0.727656,-0.025428
1778592194.278727,10,0.727656,-0.025428
1778592194.3120556,10,0.727656,-0.025428
1778592194.3453841,10,0.719531,-0.024081
1778592194.378713,10,0.727656,-0.025428
1778592194.4120417,10,0.727656,-0.025428
1778592194.4453702,10,0.727656,-0.025428
1778592194.4786987,10,0.727656,-0.025428
1778592194.5120275,10,0.727656,-0.025428
1778592194.545356,10,0.727656,-0.025428
1778592194.5786848,10,0.727656,-0.025428
1778592194.6120133,10,0.727656,-0.025428
1778592194.6453419,10,0.727656,-0.025428
1778592194.6786706,10,0.727656,-0.025428
1778592194.7119992,10,0.727656,-0.025428
1778592194.745328,10,0.727656,-0.025428
1778592194.7786565,10,0.727656,-0.025428
1778592194.811985,10,0.727656,-0.025428
1778592194.8453138,10,0.727656,-0.025428
1778592194.8786423,10,0.727656,-0.025428
1778592194.9119716,10,0.727656,-0.025428
1778592194.9452999,10,0.727656,-0.025428
1778592194.9786284,10,0.727656,-0.025428
1778592195.011957,10,0.727656,-0.025428
1778592195.0452857,10,0.727656,-0.025428
1778592195.0786145,10,0.727656,-0.025428
1778592195.1119428,10,0.727656,-0.025428
1778592195.1452715,10,0.727656,-0.025428
1778592195.1786005,10,0.727656,-0.025428
1778592195.2119286,10,0.727656,-0.025428
1778592195.2452579,10,0.727656,-0.025428
1778592195.2785861,10,0.727656,-0.025428
1778592195.3119147,10,0.727656,-0.025428
1778592195.3452435,10,0.727656,-0.025428
1778592195.378572,10,0.727656,-0.025428
1778592195.4119008,10,0.727656,-0.025428
1778592195.4452293,10,0.726390,-0.024031
1778592195.4785578,10,0.727644,-0.022525
1778592195.5118866,10,0.734286,-0.024187
1778592195.5452151,10,0.754920,-0.023026
1778592195.5785444,10,0.763904,-0.022884
1778592195.6118727,10,0.777853,-0.024247
1778592195.6452012,10,0.772087,-0.024353
1778592195.6785297,10,0.784438,-0.023164
1778592195.7118585,10,0.735509,-0.019956
1778592195.745187,10,0.792459,-0.021017
1778592195.7785156,10,0.778778,-0.021415
1778592195.811844,10,0.743035,-0.020508
1778592195.845173,10,0.736933,-0.020761
1778592195.8785017,10,0.726958,-0.016956
1778592195.9118307,10,0.738776,-0.018296
1778592195.9451592,10,0.736495,-0.017249
1778592195.9784875,10,0.756721,-0.014401
1778592196.0118163,10,0.781055,-0.013138
1778592196.0451448,10,0.809667,-0.016676
1778592196.0784736,10,0.828051,-0.016484
1778592196.111802,10,0.857348,-0.015576
1778592196.1451309,10,0.890557,-0.018674
1778592196.1784594,10,0.921998,-0.016712
1778592196.2117882,10,0.950347,-0.016699
1778592196.245117,10,0.963023,-0.019017
1778592196.2784452,10,0.991472,-0.019074
1778592196.311774,10,1.001017,-0.019026
1778592196.3451025,10,1.041170,-0.019126
1778592196.3784313,10,1.013065,-0.018962
1778592196.4117599,10,1.051382,-0.019078
1778592196.4450884,10,1.054462,-0.019062
1778592196.478417,10,1.071879,-0.019074
1778592196.5117457,10,1.067828,-0.018879
1778592196.5450745,10,1.097846,-0.016455
1778592196.5784032,10,1.077159,-0.014082
1778592196.6117318,10,1.074647,-0.015009
1778592196.6450603,10,1.075128,-0.015004
1778592196.678389,10,1.063749,-0.014043
1778592196.7117178,10,1.064171,-0.014041
1778592196.7450464,10,1.100237,-0.014259
1778592196.7783747,10,1.100535,-0.014257
1778592196.8117034,10,1.079195,-0.016324
1778592196.8450322,10,1.079973,-0.019032
1778592196.878361,10,1.064900,-0.018999
1778592196.9116895,10,1.080637,-0.019924
1778592196.945018,10,1.076414,-0.019946
1778592196.9783468,10,1.057500,-0.021045
1778592197.0116754,10,1.069577,-0.022880
1778592197.0455067,10,1.064597,-0.023965
1778592197.0788355,10,1.062766,-0.023956
1778592197.1121638,10,1.064473,-0.023966
1778592197.1454926,10,1.062746,-0.023957
1778592197.1788213,10,1.064281,-0.023967
1778592197.2121499,10,1.064922,-0.025970
1778592197.2454789,10,1.064019,-0.023968
1778592197.2788072,10,1.054132,-0.027071
1778592197.312136,10,1.050408,-0.026107
1778592197.3454645,10,1.062878,-0.027898
1778592197.3787932,10,1.052185,-0.026845
1778592197.4121218,10,1.049918,-0.026114
1778592197.4454503,10,1.063283,-0.023973
1778592197.4787788,10,1.063283,-0.023973
1778592197.5121076,10,1.063283,-0.023973
1778592197.5454364,10,1.063283,-0.023973
1778592197.5787652,10,1.063283,-0.023973
1778592197.6120937,10,1.063283,-0.023973
1778592197.6454222,10,1.063688,-0.025990
1778592197.678751,10,1.062004,-0.023968
1778592197.7120793,10,1.062004,-0.023968
1778592197.7454083,10,1.062004,-0.023968
1778592197.7787368,10,1.063030,-0.022923
1778592197.8120654,10,1.062004,-0.023968
1778592197.8453941,10,1.062004,-0.023968
1778592197.8787227,10,1.062004,-0.023968
1778592197.9120517,10,1.062004,-0.023968
1778592197.94538,10,1.063030,-0.022923
1778592197.9787087,10,1.063030,-0.022923
1778592198.0120373,10,1.063030,-0.022923
1778592198.045366,10,1.063030,-0.022923
1778592198.0786946,10,1.063030,-0.022923
1778592198.112023,10,1.063030,-0.022923
1778592198.1453516,10,1.063030,-0.022923
1778592198.1786804,10,1.063030,-0.022923
1778592198.2120092,10,1.063030,-0.022923
1778592198.245338,10,1.059728,-0.021464
1778592198.2786665,10,1.059728,-0.021464
1778592198.311995,10,1.059728,-0.021464
1778592198.3453238,10,1.063030,-0.022923
1778592198.3786523,10,1.063030,-0.022923
1778592198.411981,10,1.063030,-0.022923
1778592198.4453094,10,1.063030,-0.022923
1778592198.4786382,10,1.063030,-0.022923
1778592198.511967,10,1.063030,-0.022923
1778592198.5452957,10,1.063030,-0.022923
1778592198.5786245,10,1.063030,-0.022923
1778592198.6119528,10,1.063030,-0.022923
1778592198.6452816,10,1.063030,-0.022923
1778592198.67861,10,1.063030,-0.022923
1778592198.7119389,10,1.063030,-0.022923
1778592198.7452674,10,1.063030,-0.022923
1778592198.778596,10,1.063030,-0.022923
1778592198.8119245,10,1.063030,-0.022923
1778592198.8452532,10,1.063030,-0.022923
1778592198.878582,10,1.063030,-0.022923
1778592198.9119108,10,1.063030,-0.022923
1778592198.9452398,10,1.063030,-0.022923
1778592198.9785678,10,1.063030,-0.022923
1778592199.0118964,10,1.063030,-0.022923
1778592199.0452251,10,1.062004,-0.023968
1778592199.078554,10,1.062004,-0.023968
1778592199.1118822,10,1.062004,-0.023968
1778592199.145211,10,1.062004,-0.023968
1778592199.1785398,10,1.062004,-0.023968
1778592199.2118683,10,1.062004,-0.023968
1778592199.2451973,10,1.062004,-0.023968
1778592199.2785256,10,1.062004,-0.023968
1778592199.3118544,10,1.062004,-0.023968
1778592199.345183,10,1.062004,-0.023968
1778592199.3785114,10,1.062004,-0.023968
1778592199.4118402,10,1.062004,-0.023968
1778592199.4451687,10,1.062004,-0.023968
1778592199.4784975,10,1.062004,-0.023968
1778592199.511826,10,1.062004,-0.023968
1778592199.5451548,10,1.062004,-0.023968
1778592199.5784838,10,1.062004,-0.023968
1778592199.611812,10,1.062004,-0.023968
1778592199.6451406,10,1.062004,-0.023968
1778592199.6784692,10,1.062004,-0.023968
1778592199.7117982,10,1.062004,-0.023968
1778592199.7451267,10,1.062004,-0.023968
1778592199.778455,10,1.062004,-0.023968
1778592199.8117838,10,1.062004,-0.023968
1778592199.8451126,10,1.062004,-0.023968
1778592199.878441,10,1.062004,-0.023968
1778592199.91177,10,1.062004,-0.023968
1778592199.9450984,10,1.062004,-0.023968
1778592199.978427,10,1.062004,-0.023968
1778592200.0117557,10,1.062004,-0.023968
1778592200.0450842,10,1.062004,-0.023968
1778592200.078413,10,1.062004,-0.023968
1778592200.1117415,10,1.062004,-0.023968
1778592200.1450703,10,1.062004,-0.023968
1778592200.1783993,10,1.062004,-0.023968
1778592200.2117276,10,1.062004,-0.023968
1778592200.2450566,10,1.062004,-0.023968
1778592200.2783847,10,1.062004,-0.023968
1778592200.3117135,10,1.062004,-0.023968
1778592200.345042,10,1.062004,-0.023968
1778592200.3783708,10,1.062004,-0.023968
1778592200.4116995,10,1.062004,-0.023968
1778592200.4450278,10,1.062004,-0.023968
1778592200.4783566,10,1.062004,-0.023968
1778592200.5116854,10,1.062004,-0.023968
1778592200.545014,10,1.062004,-0.023968
1778592200.578343,10,1.062004,-0.023968
1778592200.6116712,10,1.062004,-0.023968
1778592200.6449997,10,1.062004,-0.023968
1778592200.6783285,10,1.062004,-0.023968
1778592200.711657,10,1.062004,-0.023968
1778592200.7449858,10,1.062004,-0.023968
1778592200.7783144,10,1.062004,-0.023968
1778592200.811643,10,1.062004,-0.023968
1778592200.8449717,10,1.062004,-0.023968
1778592200.8783002,10,1.062004,-0.023968
1778592200.9116294,10,1.062004,-0.023968
1778592200.9449575,10,1.062004,-0.023968
1778592200.9782863,10,1.062004,-0.023968
1778592201.0116148,10,1.062004,-0.023968
1778592201.0449436,10,1.062004,-0.023968
1778592201.0782723,10,1.062004,-0.023968
1778592201.1116006,10,1.062004,-0.023968
1778592201.1449294,10,1.062004,-0.023968
1778592201.1782582,10,1.062004,-0.023968
1778592201.2115867,10,1.062004,-0.023968
1778592201.2449157,10,1.062004,-0.023968
1778592201.278244,10,1.062004,-0.023968
1778592201.3115726,10,1.062004,-0.023968
1778592201.3449013,10,1.062004,-0.023968
1778592201.3782299,10,1.062004,-0.023968
1778592201.4115586,10,1.062004,-0.023968
1778592201.4448872,10,1.062004,-0.023968
1778592201.4782157,10,1.062004,-0.023968
1778592201.5115445,10,1.062004,-0.023968
1778592201.5448732,10,1.062004,-0.023968
1778592201.5782022,10,1.062004,-0.023968
1778592201.6115303,10,1.062004,-0.023968
1778592201.644859,10,1.062004,-0.023968
1778592201.6781876,10,1.062004,-0.023968
1778592201.7115164,10,1.062004,-0.023968
1778592201.7448452,10,1.062004,-0.023968
1778592201.7781734,10,1.062004,-0.023968
1778592201.8115022,10,1.062004,-0.023968
1778592201.844831,10,1.062004,-0.023968
1778592201.8781595,10,1.062004,-0.023968
1778592201.9114885,10,1.062004,-0.023968
1778592201.9448168,10,1.062004,-0.023968
1778592201.9781454,10,1.062004,-0.023968
1778592202.0114741,10,1.062004,-0.023968
1778592202.0448027,10,1.062004,-0.023968
1778592202.0781314,10,1.062004,-0.023968
1778592202.11146,10,1.062004,-0.023968
1778592202.1447885,10,1.062004,-0.023968
1778592202.1781173,10,1.062004,-0.023968
1778592202.2114458,10,1.062004,-0.023968
1778592202.2447748,10,1.062004,-0.023968
1778592202.278103,10,1.062004,-0.023968
1778592202.311432,10,1.062004,-0.023968
1778592202.3447607,10,1.062004,-0.023968
1778592202.3780892,10,1.062004,-0.023968
1778592202.411418,10,1.062004,-0.023968
1778592202.4447463,10,1.062004,-0.023968
1778592202.478075,10,1.062004,-0.023968
1778592202.5114038,10,1.062004,-0.023968
1778592202.5447323,10,1.062004,-0.023968
1778592202.5780613,10,1.062004,-0.023968
1778592202.6113896,10,1.062004,-0.023968
1778592202.6447184,10,1.062004,-0.023968
1778592202.678047,10,1.062004,-0.023968
1778592202.7113757,10,1.062004,-0.023968
1778592202.7447042,10,1.062004,-0.023968
1778592202.7780328,10,1.062004,-0.023968
1778592202.8113613,10,1.062004,-0.023968
1778592202.84469,10,1.062004,-0.023968
1778592202.8780186,10,1.062004,-0.023968
1778592202.9113476,10,1.062004,-0.023968
1778592202.944676,10,1.062004,-0.023968
1778592202.9780047,10,1.062004,-0.023968
1778592203.0113335,10,1.062004,-0.023968
1778592203.0446618,10,1.062004,-0.023968
1778592203.0779908,10,1.062004,-0.023968
1778592203.111319,10,1.062004,-0.023968
1778592203.1446478,10,1.062004,-0.023968
1778592203.1779764,10,1.062004,-0.023968
1778592203.2113051,10,1.062004,-0.023968
1778592203.2446342,10,1.062004,-0.023968
1778592203.2779624,10,1.062004,-0.023968
1778592203.311291,10,1.062004,-0.023968
1778592203.34462,10,1.062004,-0.023968
1778592203.3779483,10,1.062004,-0.023968
1778592203.411277,10,1.062004,-0.023968
1778592203.4446056,10,1.062004,-0.023968
1778592203.4779344,10,1.062004,-0.023968
1778592203.511263,10,1.062004,-0.023968
1778592203.544592,10,1.062004,-0.023968
1778592203.5779202,10,1.062004,-0.023968
1778592203.6112487,10,1.062004,-0.023968
1778592203.6445775,10,1.062004,-0.023968
1778592203.677906,10,1.062004,-0.023968
1778592203.7112348,10,1.062004,-0.023968
1778592203.7445636,10,1.062004,-0.023968
1778592203.7778919,10,1.062004,-0.023968
1778592203.8112204,10,1.062004,-0.023968
1778592203.8445492,10,1.062004,-0.023968
1778592203.877878,10,1.062004,-0.023968
1778592203.911207,10,1.062004,-0.023968
1778592203.9445353,10,1.062004,-0.023968
1778592203.9778638,10,1.062004,-0.023968
1778592204.0111926,10,1.062004,-0.023968
1778592204.044521,10,1.062004,-0.023968
1778592204.0778499,10,1.062004,-0.023968
1778592204.1111784,10,1.062004,-0.023968
1778592204.144507,10,1.062004,-0.023968
1778592204.1778357,10,1.062004,-0.023968
1778592204.2111645,10,1.062004,-0.023968
1778592204.2444932,10,1.062004,-0.023968
1778592204.2778215,10,1.062004,-0.023968
1778592204.3111503,10,1.062004,-0.023968
1778592204.3444788,10,1.062004,-0.023968
1778592204.3778076,10,1.062004,-0.023968
1778592204.4111362,10,1.062004,-0.023968
1778592204.4444647,10,1.062004,-0.023968
1778592204.4777932,10,1.062004,-0.023968
1778592204.511122,10,1.062004,-0.023968
1778592204.544451,10,1.062004,-0.023968
1778592204.5777793,10,1.062004,-0.023968
1778592204.611108,10,1.062004,-0.023968
1778592204.6444366,10,1.062004,-0.023968
1778592204.6777654,10,1.062004,-0.023968
1778592204.711094,10,1.062004,-0.023968
1778592204.7444227,10,1.062004,-0.023968
1778592204.7777512,10,1.062004,-0.023968
1778592204.8110797,10,1.062004,-0.023968
1778592204.8444085,10,1.062004,-0.023968
1778592204.8777373,10,1.062004,-0.023968
1778592204.911066,10,1.062004,-0.023968
1778592204.9443944,10,1.062004,-0.023968
1778592204.9777231,10,1.062004,-0.023968
1778592205.012496,10,1.062004,-0.023968
1778592205.0458245,10,1.062004,-0.023968
1778592205.0791533,10,1.062004,-0.023968
1778592205.1124818,10,1.062004,-0.023968
1778592205.1458104,10,1.062004,-0.023968
1778592205.1791391,10,1.062004,-0.023968
1778592205.212468,10,1.062004,-0.023968
1778592205.245797,10,1.062004,-0.023968
1778592205.2791252,10,1.062004,-0.023968
1778592205.3124537,10,1.062004,-0.023968
1778592205.3457825,10,1.062004,-0.023968
1778592205.379111,10,1.062004,-0.023968
1778592205.4124398,10,1.062004,-0.023968
1778592205.4457684,10,1.062004,-0.023968
1778592205.479097,10,1.062004,-0.023968
1778592205.5124257,10,1.062004,-0.023968
1778592205.5457544,10,1.062004,-0.023968
1778592205.579083,10,1.062004,-0.023968
1778592205.6124115,10,1.062004,-0.023968
1778592205.6457403,10,1.062004,-0.023968
1778592205.6790688,10,1.062004,-0.023968
1778592205.7123973,10,1.062004,-0.023968
1778592205.745726,10,1.062004,-0.023968
1778592205.7790565,10,1.062004,-0.023968
1778592205.8123832,10,1.062004,-0.023968
1778592205.845712,10,1.062004,-0.023968
1778592205.8790407,10,1.062004,-0.023968
1778592205.9123695,10,1.062004,-0.023968
1778592205.9456978,10,1.062004,-0.023968
1778592205.9790266,10,1.062004,-0.023968
1778592206.012355,10,1.062004,-0.023968
1778592206.0456839,10,1.062004,-0.023968
1778592206.0790124,10,1.062004,-0.023968
1778592206.1123412,10,1.062004,-0.023968
1778592206.1456697,10,1.062004,-0.023968
1778592206.1789985,10,1.062004,-0.023968
1778592206.212327,10,1.062004,-0.023968
1778592206.2456563,10,1.062004,-0.023968
1778592206.2789843,10,1.062004,-0.023968
1778592206.312313,10,1.062004,-0.023968
1778592206.3456414,10,1.060224,-0.021461
1778592206.3789701,10,1.066844,-0.021488
1778592206.412299,10,1.115564,-0.018651
1778592206.4456277,10,1.060542,-0.017577
1778592206.4789565,10,1.110789,-0.017310
1778592206.5122848,10,1.094795,-0.016255
1778592206.5456138,10,1.138895,-0.013535
1778592206.5789423,10,1.104708,-0.012894
1778592206.612271,10,1.115841,-0.012624
1778592206.6455996,10,1.127257,-0.011478
1778592206.678928,10,1.155057,-0.011439
1778592206.7122567,10,1.185231,-0.010207
1778592206.7455854,10,1.149426,-0.009288
1778592206.778914,10,1.185580,-0.008065
1778592206.8122425,10,1.197078,-0.009065
1778592206.8455713,10,1.167170,-0.006745
1778592206.8788998,10,1.211099,-0.006839
1778592206.9122288,10,1.211099,-0.006839
1778592206.945557,10,1.266892,-0.007666
1778592206.9788857,10,1.284187,-0.008121
1778592207.0122144,10,1.290375,-0.006772
1778592207.045543,10,1.328717,-0.006795
1778592207.0788717,10,1.370611,-0.008882
1778592207.1122005,10,1.383430,-0.008843
1778592207.1455288,10,1.458486,-0.008705
1778592207.1788576,10,1.464384,-0.009314
1778592207.2121863,10,1.473073,-0.009303
1778592207.2455149,10,1.518793,-0.009913
1778592207.2788436,10,1.525736,-0.009890
1778592207.3121722,10,1.531691,-0.009869
1778592207.3455007,10,1.536770,-0.009852
1778592207.3788295,10,1.616810,-0.008569
1778592207.4121583,10,1.620884,-0.008557
1778592207.4454868,10,1.549908,-0.007438
1778592207.4788153,10,1.630307,-0.007361
1778592207.512144,10,1.594247,-0.006094
1778592207.5454729,10,1.585706,-0.005571
1778592207.5788012,10,1.599013,-0.004750
1778592207.61213,10,1.616897,-0.004736
1778592207.6454587,10,1.600729,-0.004745
1778592207.6787872,10,1.589523,-0.003623
1778592207.7121158,10,1.617798,-0.004733
1778592207.7454445,10,1.599771,-0.003104
1778592207.778773,10,1.602049,-0.004741
1778592207.8121016,10,1.600325,-0.003104
1778592207.8454304,10,1.602572,-0.004740
1778592207.8787591,10,1.600777,-0.006079
1778592207.9120877,10,1.603618,-0.007367
1778592207.9454162,10,1.594622,-0.006742
1778592207.9787452,10,1.591189,-0.008554
1778592208.0120735,10,1.634879,-0.008510
1778592208.0454023,10,1.603400,-0.009382
1778592208.078731,10,1.603400,-0.009382
1778592208.1120594,10,1.618866,-0.009665
1778592208.1453881,10,1.603599,-0.009381
1778592208.178717,10,1.603599,-0.009381
1778592208.2120454,10,1.603599,-0.009381
1778592208.2453742,10,1.577360,-0.009327
1778592208.2787027,10,1.603720,-0.009381
1778592208.3120313,10,1.603720,-0.009381
1778592208.34536,10,1.577344,-0.009327
1778592208.3786886,10,1.559470,-0.008601
1778592208.4120173,10,1.603763,-0.009381
1778592208.4453459,10,1.635582,-0.008508
1778592208.4786747,10,1.601805,-0.008039
1778592208.5120034,10,1.559475,-0.008601
1778592208.5453322,10,1.595863,-0.008570
1778592208.578661,10,1.591936,-0.008552
1778592208.611989,10,1.635575,-0.008508
1778592208.6453178,10,1.635575,-0.008508
1778592208.6786463,10,1.601721,-0.008039
1778592208.711975,10,1.601721,-0.008039
1778592208.7453039,10,1.601721,-0.008039
1778592208.7786322,10,1.601721,-0.008039
1778592208.811961,10,1.595752,-0.008570
1778592208.8452895,10,1.591874,-0.008552
1778592208.8786182,10,1.601561,-0.008040
1778592208.9119475,10,1.601561,-0.008040
1778592208.9452753,10,1.601561,-0.008040
1778592208.978604,10,1.601561,-0.008040
1778592209.0119326,10,1.559268,-0.008601
1778592209.0452614,10,1.595566,-0.008571
1778592209.0785902,10,1.635343,-0.008509
1778592209.1119187,10,1.601323,-0.008040
1778592209.1452475,10,1.582012,-0.006879
1778592209.178576,10,1.601515,-0.006077
1778592209.2119045,10,1.601515,-0.006077
1778592209.2452338,10,1.601515,-0.006077
1778592209.2785618,10,1.558870,-0.005515
1778592209.3118904,10,1.601216,-0.006078
1778592209.3452191,10,1.601216,-0.006078
1778592209.3785481,10,1.601216,-0.006078
1778592209.4118764,10,1.601216,-0.006078
1778592209.445205,10,1.601216,-0.006078
1778592209.4785337,10,1.601216,-0.006078
1778592209.5118625,10,1.601216,-0.006078
1778592209.5451915,10,1.601216,-0.006078
1778592209.5785198,10,1.601216,-0.006078
1778592209.6118484,10,1.601216,-0.006078
1778592209.645177,10,1.601216,-0.006078
1778592209.6785057,10,1.601216,-0.006078
1778592209.7118342,10,1.601216,-0.006078
1778592209.745163,10,1.601216,-0.006078
1778592209.7784915,10,1.601216,-0.006078
1778592209.7784915,37,1.461262,0.301445
1778592209.8118203,10,1.601216,-0.006078
1778592209.8451488,10,1.601216,-0.006078
1778592209.8784773,10,1.601216,-0.006078
1778592209.9118063,10,1.601216,-0.006078
1778592209.9451346,10,1.601216,-0.006078
1778592209.9784634,10,1.601216,-0.006078
1778592210.0117922,10,1.601216,-0.006078
1778592210.0451207,10,1.601216,-0.006078
1778592210.0784495,10,1.601216,-0.006078
1778592210.1117778,10,1.601216,-0.006078
1778592210.1451066,10,1.601216,-0.006078
1778592210.178435,10,1.601216,-0.006078
1778592210.2117639,10,1.601216,-0.006078
1778592210.2450929,10,1.601216,-0.006078
1778592210.2784212,10,1.601216,-0.006078
1778592210.31175,10,1.601216,-0.006078
1778592210.3450785,10,1.601216,-0.006078
1778592210.378407,10,1.601216,-0.006078
1778592210.4117358,10,1.601216,-0.006078
1778592210.4450643,10,1.601216,-0.006078
1778592210.478393,10,1.601216,-0.006078
1778592210.5117216,10,1.601216,-0.006078
1778592210.5450506,10,1.601216,-0.006078
1778592210.578379,10,1.601216,-0.006078
1778592210.6117074,10,1.601216,-0.006078
1778592210.6450362,10,1.601216,-0.006078
1778592210.678365,10,1.601216,-0.006078
1778592210.7116935,10,1.601216,-0.006078
1778592210.7450223,10,1.601216,-0.006078
1778592210.7783506,10,1.601216,-0.006078
1778592210.8116794,10,1.601216,-0.006078
1778592210.845008,10,1.601216,-0.006078
1778592210.8783367,10,1.601216,-0.006078
1778592210.9116657,10,1.601216,-0.006078
1778592210.944994,10,1.601216,-0.006078
1778592210.9783225,10,1.601216,-0.006078
1778592211.0116513,10,1.601216,-0.006078
1778592211.0449798,10,1.601216,-0.006078
1778592211.0783086,10,1.601216,-0.006078
1778592211.111637,10,1.601216,-0.006078
1778592211.144966,10,1.601216,-0.006078
1778592211.1782942,10,1.601216,-0.006078
1778592211.211623,10,1.601216,-0.006078
1778592211.244952,10,1.601216,-0.006078
1778592211.2782803,10,1.601216,-0.006078
1778592211.3116088,10,1.601216,-0.006078
1778592211.3449376,10,1.601216,-0.006078
1778592211.3782663,10,1.601216,-0.006078
1778592211.4115949,10,1.601216,-0.006078
1778592211.4449234,10,1.601216,-0.006078
1778592211.4782524,10,1.601216,-0.006078
1778592211.5115807,10,1.601216,-0.006078
1778592211.5449097,10,1.601216,-0.006078
1778592211.5782385,10,1.601216,-0.006078
1778592211.6115668,10,1.601216,-0.006078
1778592211.6448953,10,1.601216,-0.006078
1778592211.678224,10,1.601216,-0.006078
1778592211.7115526,10,1.601216,-0.006078
1778592211.7448814,10,1.601216,-0.006078
1778592211.77821,10,1.601216,-0.006078
1778592211.8115387,10,1.601216,-0.006078
1778592211.8448672,10,1.601216,-0.006078
1778592211.8781958,10,1.601216,-0.006078
1778592211.911525,10,1.601216,-0.006078
1778592211.944853,10,1.601216,-0.006078
1778592211.9781818,10,1.601216,-0.006078
1778592212.0115104,10,1.601216,-0.006078
1778592212.044839,10,1.601216,-0.006078
1778592212.078168,10,1.601216,-0.006078
1778592212.1114962,10,1.601216,-0.006078
1778592212.1448252,10,1.601216,-0.006078
