timestamp,source,from_state,to_state,trigger
1783119987.875,NAVIGATION,NONE,WAITING_INITIAL_POSE,NAV_UPDATE
1783120032.517,NAVIGATION,WAITING_INITIAL_POSE,WAITING_GOAL,NAV_UPDATE
1783120032.523,MISSION,INIT,EXPLORING,START
1783120032.715,NAVIGATION,WAITING_GOAL,FOLLOWING_PATH,NAV_UPDATE
1783120120.215,MISSION,EXPLORING,PURSUING_CONE,CONE_DETECTED
1783120155.123,NAVIGATION,FOLLOWING_PATH,AVOIDING_OBSTACLE,NAV_UPDATE
1783120155.221,MISSION,PURSUING_CONE,DONE,ARRIVAL_NEAR
1783120157.723,NAVIGATION,AVOIDING_OBSTACLE,FOLLOWING_PATH,NAV_UPDATE
1783120157.920,NAVIGATION,FOLLOWING_PATH,GOAL_REACHED,NAV_UPDATE
