x,y,theta,time
-0.3374913073063774,1.188364079591432,-2.5990071463437268,1778594550.205468
-0.3374072173556262,1.1882440047696718,-2.599046307721405,1778594551.7120657
-0.33726597359812904,1.1880820546572164,-2.5992949193721917,1778594553.2121024
-0.33709218709871064,1.187885663613663,-2.5995481187948593,1778594554.7224314
-0.33681016180199186,1.186737074347272,-2.680412225372127,1778594556.271675
-0.33233791050448025,1.184687801779184,-3.091746887042475,1778594557.803244
-0.3285900519017304,1.1810331323433143,2.795117541371751,1778594559.3101304
-0.3277594494433633,1.176105423614176,2.397713210441133,1778594560.8131738
-0.32945953283935603,1.1711681514590155,1.9873827421116403,1778594562.3632002
-0.333340696466511,1.1665443211358624,1.5715796142424736,1778594563.9236956
-0.3382639253341769,1.1635635471712145,1.1662885913781185,1778594565.4528358
-0.34286689530580877,1.1604598545760707,0.7678085445548029,1778594566.9631786
-0.3475059865417975,1.157570194820759,0.3694002849056266,1778594568.46324
-0.3515120978925151,1.1594259227507115,-0.026540367026866643,1778594569.9632735
-0.35432886774081096,1.1628731099225493,-0.44062613347732954,1778594571.5216386
-0.3545245228799127,1.1677481874076368,-0.852951580706271,1778594573.07121
-0.35000778660433673,1.1716953768217742,-1.257993783797647,1778594574.6033
-0.3462640284117647,1.176108373278489,-1.6579867147238534,1778594576.1133318
-0.3413830431051362,1.1791916552814437,-2.068167882162305,1778594577.6633325
-0.33662668397700946,1.181710671488371,-2.467047229940481,1778594579.1648924
-0.33154390975067966,1.1808668096381427,-2.8766449169908928,1778594580.7043524
-0.326889620735627,1.1788929052195631,3.0111916332660997,1778594582.2043698
-0.3248825720089712,1.1744020962172221,2.6122699355652172,1778594583.714364
-0.32482974705068335,1.169538462947207,2.201216935817896,1778594585.265403
-0.32757154456936527,1.1652826312303026,1.7872880967181262,1778594586.8138406
-0.33140807502433606,1.1616287005471537,1.377422965746098,1778594588.3640354
-0.33597382909424917,1.158155057178671,0.9680384163859677,1778594589.904225
-0.32254639936652113,1.173097196436341,0.7588278820539778,1778594591.4741046
-0.29253001707481063,1.2020242127930616,0.7614805204066953,1778594593.006512
-0.2612505646725178,1.2314667592428246,0.7600179691384507,1778594594.5134642
-0.23135194846629764,1.2609715377121216,0.7606242985954325,1778594596.0135057
-0.20220051943510609,1.290535456106404,0.7623283240907245,1778594597.524584
-0.17446008875573235,1.3171949259147222,0.8038611878575899,1778594599.0551653
-0.15473380240272652,1.3400182418932929,0.9341551958051708,1778594600.5627377
-0.14128959522395684,1.359146931078089,1.1230929899208337,1778594602.064957
-0.13049784742052795,1.3849886569454075,1.285012883755718,1778594603.614879
-0.119065997467449,1.425387611453776,1.285649106115969,1778594605.1258447
-0.10681170397482781,1.4664084794012489,1.2849192424024938,1778594606.654677
-0.09486387716331063,1.5067680501051313,1.286325246767586,1778594608.1646018
-0.08345024672662944,1.5466410680386256,1.2875637321607498,1778594609.6646523
-0.07127589379890092,1.5882142721539798,1.285364667866289,1778594611.215664
-0.05961582573764909,1.6287829798281712,1.2865421960521612,1778594612.7246263
-0.04842220020211495,1.6668303941163185,1.3081597064177761,1778594614.2556908
-0.042477674943991565,1.689001826003943,1.5015766756766984,1778594615.7628088
-0.04091052811732749,1.7119789594643215,1.6960763831128665,1778594617.2658863
-0.04430032673609169,1.7354783860116951,1.900162857632583,1778594618.8158913
-0.05867409289867328,1.775044659786596,1.9256157935519362,1778594620.3267148
-0.07301305657976843,1.8142446221503843,1.927757801663553,1778594621.8557415
-0.08732598715446246,1.8523815651983737,1.9275334793311332,1778594623.365735
-0.10107900864947372,1.8907949872325738,1.9295643419129886,1778594624.8657787
-0.1146887126724178,1.9295933193424297,1.92817034423143,1778594626.417224
-0.12832702614842784,1.9691777812982247,1.9292173101204675,1778594627.9244409
-0.14423679825919267,2.0138839712592853,1.9313152792069448,1778594629.4558332
-0.15970608668130332,2.0571142570798675,1.933713901374926,1778594630.9628885
-0.17553331548989307,2.1012515762847235,1.9345955135623967,1778594632.4659345
-0.19152399665299832,2.144731871818522,1.9344595183348587,1778594633.9670002
-0.20615735410722685,2.1858861039316233,1.99020967981773,1778594635.5266564
-0.22470456556979662,2.2224223270343044,2.066783517973906,1778594637.0568905
-0.2470207805109292,2.2634725315131257,2.065620354788624,1778594638.5668497
-0.2692828065712315,2.304972921919378,2.065937997381755,1778594640.0669367
-0.29236521704658236,2.347983464985962,2.0683468201384607,1778594641.6073475
-0.3148864852937482,2.38957735057626,2.070114053578252,1778594643.1075077
-0.33808854366262614,2.4324869280781254,2.0706074088691957,1778594644.657138
-0.36034373705152734,2.473398818113474,2.0713893573015016,1778594646.1626904
-0.38174927588624924,2.512898498852871,2.073973415143958,1778594647.6670702
-0.4045368538949378,2.5545473343144067,2.076686869166895,1778594649.207447
-0.42725732981508874,2.5964063053666058,2.0781789240046344,1778594650.757842
-0.45005487023546226,2.637722301914724,2.078213835420492,1778594652.307124
-0.4728712704172957,2.6787969177653466,2.079058577289004,1778594653.8080134
-0.4957747325629234,2.7202327658593743,2.0805806476527504,1778594655.31807
-0.5173719192101216,2.7596904140603224,2.0810709125775952,1778594656.8181524
-0.5397958792676828,2.8001320303676303,2.082934676318565,1778594658.3545268
-0.5618130229251301,2.8393246430170005,2.082210404980984,1778594659.8582573
-0.5844519391761822,2.879355930824886,2.083714567917796,1778594661.3684456
-0.6072977408219806,2.9190630480404764,2.0831334724383965,1778594662.9182024
-0.6297271002082462,2.958936880054864,2.084622952549991,1778594664.4681463
-0.652120825407864,2.998367371532227,2.0845071979315293,1778594666.0080895
-0.6739748992663956,3.0367492118799713,2.082282102806107,1778594667.508163
-0.695689110720793,3.075022776513294,2.0822270818348803,1778594669.0081692
-0.717633048703486,3.113848213130048,2.0825300153173227,1778594670.5172553
-0.7400359950547238,3.1531796494568787,2.082433399573321,1778594672.0682273
-0.7629669272765949,3.1938677401593356,2.0830289491051652,1778594673.6189463
-0.7864011653593899,3.235419082965524,2.082268906893079,1778594675.1585388
-0.8093981909112817,3.276498537063898,2.0810994746538896,1778594676.7287953
-0.8319087431853659,3.3165122376516103,2.0802629150232534,1778594678.2592702
-0.8540625667370054,3.3562135545604757,2.079942944897974,1778594679.7692966
-0.8772187745146234,3.3972008679049774,2.080186377067702,1778594681.319306
-0.9002781535665588,3.4380122239140087,2.0803144355974217,1778594682.8488588
-0.9139885685411792,3.462185837792301,2.0811943834590143,1778594684.357417
-0.9127452015396348,3.4656662635512903,2.3451105687582676,1778594685.859325
-0.9111706024108097,3.4709871643419925,2.744950148525548,1778594687.366289
-0.9142027827453031,3.475236879860637,3.1476563851312758,1778594688.8685226
-0.9178363722623738,3.4762608042110017,-2.724359423619089,1778594690.4202237
-0.9223708657076848,3.473510216794761,-2.3163366066251534,1778594691.954426
-0.9258130862338826,3.472135949386168,-2.026592578061145,1778594693.459422
-0.9210873745444188,3.4749205911744805,-2.418461476192907,1778594694.9703703
-0.9175224889633631,3.4776735916062633,-2.744349150278121,1778594696.5195844
-0.9349485899006967,3.47049717130163,-2.742375055913342,1778594698.0205054
-0.9743406102974227,3.454095504223535,-2.7426358649274705,1778594699.5575483
-1.0135784773526963,3.4379460226675853,-2.745406838577518,1778594701.0594623
-1.0381905589902667,3.4301270216908017,-2.8786103314570894,1778594702.5654235
-1.0777701640732469,3.4199661659829768,-2.8785317413209284,1778594704.06989
-1.119352738450387,3.409008649043754,-2.87743519062559,1778594705.6240373
-1.1611720747175898,3.3975807788358274,-2.8775336440456654,1778594707.1600292
-1.203448605989515,3.3861253260486746,-2.8758940551670653,1778594708.7095578
-1.2425576303868275,3.3758033944716286,-2.875102295513415,1778594710.210563
-1.2818276392920545,3.365624925589103,-2.876274088217533,1778594711.720286
-1.3214733504976752,3.3549924767152,-2.8741599548137042,1778594713.2215796
-1.361245692319762,3.344672581074524,-2.8765403203156454,1778594714.756595
-1.4002286770002423,3.334583323257857,-2.8763753521512103,1778594716.260597
-1.4393034149120933,3.324568030443086,-2.8695847835998722,1778594717.765628
-1.4649270331595758,3.315492734742377,-2.723620665402437,1778594719.320397
-1.5027102500359941,3.2994450150009196,-2.7239112605241074,1778594720.8204632
-1.5412778367857207,3.2833405441438495,-2.7249713985558315,1778594722.361103
-1.5779476253360238,3.2675114203613207,-2.729137191554887,1778594723.8626585
-1.6152775826538601,3.2518965174163035,-2.7290538419598716,1778594725.3706944
-1.6472335864051337,3.2385823810795924,-2.6716860660494657,1778594726.919438
-1.6806540624056199,3.221415428941982,-2.6505254595627075,1778594728.421233
-1.7172305200277798,3.2022672100892957,-2.6487071714649075,1778594729.9628606
-1.754794593144773,3.1825304414271,-2.650364446217683,1778594731.5117135
-1.7914879179340386,3.1637048218937456,-2.6509716268174945,1778594733.011727
-1.8275744290291065,3.144838132275551,-2.652166256876918,1778594734.518037
-1.865465063738576,3.125345344832487,-2.654380659371015,1778594736.053199
-1.9031450202341655,3.105872076937574,-2.6539339818378846,1778594737.5620313
-1.9404682392904224,3.086613299906235,-2.656506089221491,1778594739.0628178
-1.9782497720516035,3.067044605680454,-2.656519415159463,1778594740.57193
-2.016368220105118,3.047461069807845,-2.6575330680434046,1778594742.1199462
-2.0539096922771694,3.0286105970586847,-2.655254862515125,1778594743.6514533
-2.090316668591995,3.0104366610951443,-2.6542357445858755,1778594745.1628258
-2.127245631633184,2.9918832934583253,-2.6559806975769225,1778594746.711856
-2.1634287921102118,2.973889643648203,-2.656264528948157,1778594748.2168915
-2.1997520268562285,2.955660059673654,-2.6573590023808666,1778594749.722231
-2.2358595565692005,2.937642902614325,-2.6582491099565657,1778594751.2526617
-2.2725382121368805,2.91957549462734,-2.658995794524947,1778594752.7629845
-2.293296034005631,2.909645679312702,-2.6575338833233917,1778594754.263135
-2.29805216213896,2.9074481081997985,-2.2669794620523684,1778594755.7720482
-2.302136009046481,2.9059484263441093,-1.8624827760613998,1778594757.302987
-2.3073840706067807,2.9039146359483037,-1.4624353044234326,1778594758.8099625
-2.31282521287667,2.9017819566084944,-1.0611549261870792,1778594760.3129728
-2.3168953735885927,2.897907002461677,-0.6666275675999616,1778594761.8132458
-2.3070496283990147,2.8907471879882047,-0.45384637532035166,1778594763.3183043
-2.2727842891724244,2.8742266858128653,-0.4148292252442232,1778594764.853726
-2.2356803578138797,2.8594593467293055,-0.3842077875528334,1778594766.3632514
-2.197586273783132,2.844646856114167,-0.38684495004793895,1778594767.8642583
-2.157189605629029,2.828519085763429,-0.3863977602397368,1778594769.4153066
-2.1188501220650786,2.81346195571612,-0.38533879519533093,1778594770.9219298
-2.079645594042159,2.797668210658352,-0.38732978138418855,1778594772.4541466
-2.0409282007636578,2.7824690920740016,-0.38810279620501426,1778594773.9640691
-2.0023106023614528,2.7670381021555976,-0.3875218180721674,1778594775.46412
-1.9627561591492688,2.751090688667622,-0.38887724083637154,1778594777.0183697
-1.9243731430035473,2.735912945807177,-0.3874806461233496,1778594778.5243423
-1.8841987008691248,2.7201097429020953,-0.38823969312753914,1778594780.0535254
-1.8445995682683292,2.7041962299921,-0.38895642365675187,1778594781.5635896
-1.8188490752831534,2.694078669939943,-0.5119077261227739,1778594783.0651731
-1.8024159365920414,2.68386619695793,-0.703356435064206,1778594784.5731883
-1.7871899759919438,2.6700725536556464,-0.9016067771590469,1778594786.1218312
-1.7657177613306096,2.6401732168908785,-0.9723437901659842,1778594787.6553712
-1.7412533083663841,2.6037083675679344,-0.9744235972873813,1778594789.1652255
-1.7163439189322058,2.5671606455505316,-0.9791844652584488,1778594790.6692507
-1.6919794205400949,2.530584665041783,-0.976532835363841,1778594792.22061
-1.6679291648995973,2.4943985902158103,-0.9773360510301506,1778594793.7552612
-1.6442745929877185,2.458670534906373,-0.9793228038522951,1778594795.2553787
-1.6206794085079272,2.422994970375005,-0.978972481092514,1778594796.7648327
-1.5963217686568518,2.386371526316744,-0.9825437726882051,1778594798.26659
-1.5723444099181407,2.3498247199385087,-0.9808508482330501,1778594799.7725432
-1.5584094455338124,2.3284954607828134,-1.132654340398601,1778594801.3260086
-1.5421967552739506,2.2907342112136746,-1.1688218943759472,1778594802.8554373
-1.5254835704761318,2.250968764641697,-1.170665300551758,1778594804.3653498
-1.5083784994198903,2.209858438031426,-1.1721956528674902,1778594805.912347
-1.492130008744821,2.1695073025212697,-1.1730883873679874,1778594807.4157648
-1.4758014135902073,2.129212204271382,-1.1727398287416793,1778594808.9257138
-1.4587641336768533,2.0869333188085895,-1.1746408561377206,1778594810.4554846
-1.4420450685711537,2.04571940442264,-1.1745693658551069,1778594811.9645555
-1.425365808021581,2.0047694429120555,-1.1775235043356576,1778594813.465622
-1.408556350773876,1.9629739491281841,-1.1733133162571745,1778594815.0155072
-1.3921149444273362,1.9212571967083611,-1.1722350931339516,1778594816.5260017
-1.3750718548548035,1.8796954445563037,-1.172698930022406,1778594818.0555491
-1.3583000948269839,1.8379149364638079,-1.171525438675333,1778594819.5614648
-1.340755697552768,1.795236587251714,-1.174573464657027,1778594821.0655053
-1.322936643272816,1.7513352781733544,-1.1720677981387135,1778594822.6157649
-1.3046501547502796,1.706969620611779,-1.1702533607950183,1778594824.176542
-1.2872545046924027,1.6642367544859895,-1.1708916168393155,1778594825.7256467
-1.2700636799187106,1.62328125679554,-1.1704766641693543,1778594827.2565763
-1.2528639773981445,1.5832264292291447,-1.1699761557071702,1778594828.7675436
-1.234907234716503,1.5400258489156888,-1.1713593913720786,1778594830.316674
-1.2179160296759486,1.4999611737874583,-1.1689471310151367,1778594831.8169491
-1.1995268050515209,1.456037850186842,-1.169538959419525,1778594833.376596
-1.1813081470782516,1.412167201328769,-1.169165137851156,1778594834.906602
-1.1636508476932654,1.370014851782255,-1.1689563217568792,1778594836.4165993
-1.1605094367196584,1.3625489126820636,-1.167154747435277,1778594837.9167058
-1.160239698095751,1.3616531803300513,-1.1666713302368457,1778594839.467657
-1.1563604577177289,1.3523032313947543,-1.1704871893719453,1778594841.017933
-1.1383503844410978,1.3102514293897705,-1.170839274421724,1778594842.5752325
-1.1209304292726774,1.2694467765409583,-1.171285065684894,1778594844.1064904
-1.1034389736738586,1.2288635460216741,-1.173793333324614,1778594845.612654
-1.0863591656527398,1.1887685695659458,-1.173594262293762,1778594847.1177833
-1.068548348785184,1.1474253654670392,-1.1705893478975866,1778594848.671012
-1.049605932508914,1.088210931904595,-1.359836124636383,1778594850.178044
-1.0429270622714317,1.0248701499437096,-1.5692457049492001,1778594851.7087317
-1.0497354405968946,0.9637629097087889,-1.7727233143724046,1778594853.2177372
-1.0688803091318557,0.9057634490869249,-1.978680192141406,1778594854.7197862
-1.1003395924520294,0.8520550677206727,-2.189594380938898,1778594856.2679188
-1.1425137973829855,0.8061101170004075,-2.399260818322051,1778594857.8091018
-1.1932258081321119,0.7717092842416825,-2.6107377840073847,1778594859.358202
-1.2447204630716873,0.7483786242992533,-2.7636183689754423,1778594860.9079444
-1.283534229994614,0.7327652639739244,-2.7644600381114577,1778594862.4148164
-1.3228252098410664,0.7168193352680092,-2.766457031981328,1778594863.9179626
-1.3630372819405525,0.700572899104982,-2.768230144885526,1778594865.4684758
-1.4025728785729488,0.6850270873877548,-2.7710830994473468,1778594866.9787252
-1.4428464378521872,0.6688391888900872,-2.7718797241074893,1778594868.509904
-1.4825735599401244,0.6534467162279267,-2.773070181158765,1778594870.016891
-1.5222691957216,0.6374764987666934,-2.775090293843294,1778594871.5190432
-1.5624813157966841,0.6215747544680505,-2.7758362887767984,1778594873.0192814
-1.603225909908164,0.6054105993221304,-2.7770727852888384,1778594874.5589535
-1.6432665370966748,0.5896903481434956,-2.7797456739554955,1778594876.0629442
-1.6831179776473126,0.5740863894157484,-2.780252707116094,1778594877.568993
-1.7237462266164811,0.558219337460062,-2.7828167539950512,1778594879.1191678
-1.7633897611669465,0.5429585324817393,-2.7844409733060087,1778594880.6201663
-1.802747396851385,0.5278315219317159,-2.7861445485054803,1778594882.1591198
-1.855726488154817,0.5135643148968846,-2.936376721079772,1778594883.660037
-1.9156748320953054,0.510159538949728,3.1390418506235624,1778594885.1670425
-1.9749857225067002,0.518467467226191,2.9350493646992364,1778594886.671194
-1.979284581867798,0.5166493540102839,2.6449069195159436,1778594888.2201974
-1.9792114945854533,0.5119048180234849,2.234686405649946,1778594889.7544496
-1.9821963287797046,0.5071521116982485,1.8329447326856083,1778594891.2610824
-1.9866318120431006,0.5035721104372217,1.4285054649008333,1778594892.7701712
-1.9913676596461753,0.5008781236364552,1.0161936330549588,1778594894.3193786
-1.9963181451857734,0.49954087622681,0.6156684480755291,1778594895.8201523
-2.00108902534247,0.5005153769970672,0.2002352302267867,1778594897.3632596
-2.004417866813556,0.5027398448612851,-0.11821451233050356,1778594898.910348
-2.003511275911255,0.501478047600021,0.003354682091437924,1778594900.4171846
-1.9941165024591265,0.5010004397231561,0.24703769602149278,1778594901.919994
-1.9539741653173988,0.5105093034815004,0.2422195566168473,1778594903.420952
-1.9127845820924647,0.5203850881016341,0.2395655966903289,1778594904.957311
-1.8724593814818324,0.5299817315306528,0.23933091874874649,1778594906.4622586
-1.8319742742116112,0.5389084613817681,0.23952034217219736,1778594907.9712713
-1.7907230280377757,0.5482684294924713,0.23590710860539488,1778594909.500981
-1.7502679458258552,0.5578630281853484,0.23757021593353841,1778594911.0208948
-1.7094927389364976,0.5672468529201602,0.23708580289587428,1778594912.5623164
-1.6685911256271402,0.5768761002619366,0.2381535348241183,1778594914.1112957
-1.6296472617207747,0.5859985378598396,0.23890397279096398,1778594915.6173348
-1.5900886031197412,0.594872547773229,0.2381380187336385,1778594917.1208758
-1.5507262055244537,0.604276199081239,0.2378481036918777,1778594918.6712773
-1.5118876168222057,0.6135010601588156,0.2404373724197594,1778594920.2109346
-1.484994389781343,0.620152764744651,0.3383965616201089,1778594921.7123764
-1.4579818949156083,0.6318538504329626,0.4454690628451551,1778594923.221383
-1.421615611365002,0.6501612021064604,0.44741598881284433,1778594924.7714996
-1.385186630709461,0.6682571648007688,0.44783218199578584,1778594926.3014443
-1.349097097540216,0.6862987768922001,0.44838609093271764,1778594927.8084748
-1.3135399434433028,0.7040962576906109,0.4493044242081821,1778594929.3114412
-1.2769718365013893,0.7223181054121536,0.45087435255604885,1778594930.8234882
-1.2398228556595567,0.7409000102198319,0.45203361045599416,1778594932.3664966
-1.2020814868236818,0.7599612871145479,0.4528033171930207,1778594933.9214344
-1.170161259136231,0.7759930096390026,0.517059660775361,1778594935.4615865
-1.1506066023262786,0.7888515089430107,0.7145258141979888,1778594937.011757
-1.134386582201003,0.8048473058285132,0.9055657819374842,1778594938.512567
-1.1211421299447621,0.8244507715967899,1.1003570584956355,1778594940.0205896
-1.1115452924739393,0.846892118009842,1.2992860832384856,1778594941.5695748
-1.1061587232813457,0.8705263734339145,1.4968248377162423,1778594943.1229122
-1.1052534317972786,0.8952311891817402,1.695506617742503,1778594944.657408
-1.1111447094290947,0.924823123976259,1.8242797285382932,1778594946.1625998
-1.1224103353992292,0.9660471250178821,1.8275421728864494,1778594947.6671736
-1.1335754956313067,1.0066856167689524,1.8303246842549776,1778594949.1730905
-1.1446029225046952,1.0461974951123256,1.8291597851202863,1778594950.6732936
-1.1559731727497435,1.0866009270789112,1.8303188554347543,1778594952.2127063
-1.1668793567373963,1.1254534937232692,1.8296877457146095,1778594953.713699
-1.1776661331179425,1.163637797847412,1.831320255893751,1778594955.2217782
-1.188885934888773,1.203637756490935,1.834661117223971,1778594956.753836
-1.1998754079365201,1.2417756703267155,1.8343051636348835,1778594958.2602568
-1.2112228401999994,1.2808189666700207,1.834650110981579,1778594959.7637308
-1.222754835078882,1.319504415945276,1.833686798906848,1778594961.2677658
-1.2343823773274676,1.3577122234703403,1.8334171812515685,1778594962.774259
-1.2461396384666128,1.3974993237067694,1.8330866973919449,1778594964.3234527
-1.2565762527052573,1.4403306526594302,1.8340322347399254,1778594965.86381
-1.2667755188592855,1.4830137816921092,1.83090459556816,1778594967.3638325
-1.2766934604017461,1.5252020656079992,1.8297165642651667,1778594968.863838
-1.2872464222450528,1.567456410850249,1.8294235993216277,1778594970.3723357
-1.29873764368719,1.6110392772164384,1.8259952281329144,1778594971.923832
-1.3096322362837378,1.6543039339071204,1.8262687705410425,1778594973.4659815
-1.3207134292476657,1.698497821067714,1.8237114633531504,1778594975.0148656
-1.330613563612575,1.7399277120195866,1.822422943717338,1778594976.5638657
-1.3269051603799498,1.7427514968074698,2.1311502585491686,1778594978.0644314
-1.322674566183731,1.7471640174787348,2.542836911158116,1778594979.6250026
-1.3250586938995006,1.7509694892400813,2.948176555627566,1778594981.1552572
-1.3286843374604909,1.7522242635455785,-2.9350348049036734,1778594982.6640463
-1.3328836965882653,1.7487892027460408,-2.541394778013406,1778594984.1649318
-1.3364686270455106,1.745866044849613,-2.1457985823047596,1778594985.6649923
-1.3408405883150405,1.7445931759389322,-1.7355210846791769,1778594987.2205234
-1.3458978799897374,1.7431053712722275,-1.3383991205128725,1778594988.724413
-1.3536202555735422,1.7409028016702002,-0.9327463275238878,1778594990.265097
-1.3579410831066332,1.7375806109793643,-0.5263397942863541,1778594991.8150203
-1.35744847134926,1.7341927461142925,-0.11925232243469149,1778594993.3645227
-1.3537786763632182,1.7335423657528901,0.275245546006489,1778594994.866261
-1.349415235613098,1.7371132079529534,0.6825726939558842,1778594996.4252636
-1.3454354141041698,1.7411456444537219,1.0860352148926284,1778594997.956353
-1.3415635874679803,1.7433346499342206,1.4820832522747318,1778594999.4631894
-1.337909829596595,1.7472230702746303,1.8793144621759583,1778595000.9660854
-1.331800592054066,1.751225919722069,2.275730994644989,1778595002.4661963
-1.32851241560437,1.7561132366279761,2.680397649086481,1778595004.001587
-1.3312492702289223,1.7599435775813077,3.0813141211741004,1778595005.525756
-1.348598545927914,1.7595912871702082,-3.047125069740714,1778595007.0662506
-1.391315581358688,1.7560441028936218,-3.0477643869642774,1778595008.6154387
-1.433290442578313,1.7530291670263398,-3.0466647374194187,1778595010.1167002
-1.4759035249671688,1.7501918718580391,-3.048892747935121,1778595011.666295
-1.5177760421527482,1.7475628482160281,-3.049024961734911,1778595013.223804
-1.5589723183777993,1.7454153246908701,-3.048855502491567,1778595014.777187
-1.5999525488758422,1.74276817374874,-3.049661958640082,1778595016.3072598
-1.6416258491388152,1.739838796097129,-3.04834771029048,1778595017.8172543
-1.6836874571708786,1.7370912663348481,-3.0497093290315136,1778595019.367243
-1.724031973953037,1.7342378497654773,-3.0505956621302555,1778595020.8673368
-1.766093804283166,1.731744727189462,-3.051714901406055,1778595022.406521
-1.806537459589089,1.7293046706080142,-3.051674131633909,1778595023.9073346
-1.8477587765869405,1.726397889592673,-3.051549034334449,1778595025.4157088
-1.8899482361674755,1.72314783146049,-3.0535078372813875,1778595026.9165096
-1.9321763017142268,1.7199464543224838,-3.0552833179416097,1778595028.4239676
-1.9758411590600613,1.716714178809869,-3.0546050879564715,1778595029.957312
-2.0181557339579914,1.7139056210153303,-3.055942780724032,1778595031.4664123
-2.0616168617862494,1.7108272313934587,-3.057364039969509,1778595033.0164125
-2.0945171726842893,1.7086446616730901,3.141336451611793,1778595034.5164585
-2.124345795876051,1.7112674990386225,3.0210564452673383,1778595036.0281756
-2.166776770148111,1.716797809345563,3.023133621689393,1778595037.5583894
-2.2048709057461844,1.7215737709580414,3.0230002676519008,1778595039.067623
-2.2066688832578403,1.7224295160816416,3.1560882105224026,1778595040.5688765
-2.2116523802800736,1.721528310164241,-2.7156958602241494,1778595042.1176996
-2.2155987922117086,1.7179917024869353,-2.3041852493803154,1778595043.667892
-2.2193001894323054,1.7149551146300375,-1.893048812392666,1778595045.2075002
-2.2221904294942845,1.7118291447080656,-1.4946962392752756,1778595046.7116344
-2.2275292513245932,1.708769725394305,-1.0956765799355823,1778595048.2175243
-2.233215547421815,1.7047685400194952,-0.6980748917682877,1778595049.7176778
-2.233914352731248,1.7004857478052213,-0.2981954151412247,1778595051.2292206
-2.230739050621549,1.69843094158636,0.10861151085360427,1778595052.7595966
-2.2266186355700817,1.699697265884885,0.5100114903713119,1778595054.2670336
-2.2231915861397606,1.7030030852817848,0.9036598450942341,1778595055.7688408
-2.2195685247907044,1.7060314811743407,1.31357897233858,1778595057.3192282
-2.2157268637121725,1.708639281012192,1.7117494164334026,1778595058.8297274
-2.2113646726553613,1.7124858904739881,2.120226947085442,1778595060.3636537
-2.207448223243589,1.7168316532609096,2.5176131653601836,1778595061.8646743
-2.207735354468282,1.7217427930817502,2.9131994493333364,1778595063.368648
-2.2315253889266256,1.7255642060858545,3.0338254490469567,1778595064.868719
-2.2741644150229696,1.7302878389831946,3.03278742548012,1778595066.4287612
-2.316601057270326,1.7348705531666029,3.030644033892141,1778595067.9608195
-2.3577530063406744,1.7394313802686738,3.0319823251151967,1778595069.4669018
-2.398627680674207,1.7439183186891034,3.0296654122982596,1778595070.969168
-2.439311194945824,1.7481811961583869,3.029587481960887,1778595072.469572
-2.4816744124946117,1.7526499209410713,3.031496801711053,1778595074.0303018
-2.523542741784653,1.7568493642840488,3.030933936379324,1778595075.5628772
-2.5648776670305407,1.7609358695645119,3.030980468414946,1778595077.06979
-2.606148813554749,1.7655704773761745,3.0315704675445625,1778595078.569842
-2.6390508901604917,1.769027839261461,3.131545082571503,1778595080.1210823
-2.661769428257261,1.7681179786841392,-2.960439150133936,1778595081.629752
-2.6828523881048323,1.7624697431311387,-2.766165554846089,1778595083.159933
-2.7021229354761136,1.7526323831126092,-2.575309801375624,1778595084.667081
-2.7230664127279107,1.7360381939303622,-2.4269786931456268,1778595086.1699405
-2.7541163154838513,1.7075718992259177,-2.424981896607802,1778595087.712143
-2.787137380924778,1.6782090674101837,-2.4262701846629326,1778595089.274803
-2.8187407361007732,1.6504381945343725,-2.4271642253928807,1778595090.8101332
-2.848935122283729,1.624268461731381,-2.427824950346076,1778595092.310954
-2.8797918580245043,1.5971561693365675,-2.426647923823061,1778595093.820929
-2.9097514989607376,1.5708677045831465,-2.424941642909314,1778595095.3219566
-2.939678527590047,1.544906285421491,-2.4255166715768337,1778595096.8303514
-2.9706708127722727,1.5173857727686422,-2.424380084115291,1778595098.3610387
-3.000936713295137,1.491108649555299,-2.425209338633636,1778595099.8679924
-3.0314481977980576,1.4646064023051686,-2.4265496707667698,1778595101.371137
-3.0647078738678966,1.4358050491131504,-2.4242166901534987,1778595102.9212434
-3.085444398242311,1.4168188777398933,-2.2815729174330186,1778595104.4557886
-3.0985266129284903,1.3990172852438778,-2.0893483999257003,1778595105.9611192
-3.1079869573146595,1.3788399635491142,-1.8976722404421833,1778595107.4720666
-3.113145315252508,1.35689168250462,-1.702326342831629,1778595109.0210805
-3.113919492996688,1.334027662270377,-1.5059385884495875,1778595110.574113
-3.110040559327491,1.31132959766165,-1.306952068297129,1778595112.1095266
-3.101805750533923,1.2911653021805045,-1.1166556105256118,1778595113.6121235
-3.0824125210497875,1.2523432244143426,-1.0932080846570755,1778595115.1615083
-3.0630832672608648,1.212612651744539,-1.0947816294636645,1778595116.6713974
-3.043457227649799,1.1711064266907216,-1.0973648484645169,1778595118.2181604
-3.0237645437798455,1.1317367308935822,-1.0958247352887347,1778595119.7216315
-3.003387245326465,1.09092993450754,-1.097289635180436,1778595121.2614064
-2.9837336847032137,1.050590770812778,-1.098288781123276,1778595122.7632046
-2.9634554526975636,1.0104681990574897,-1.099939868522557,1778595124.2722125
-2.947168597269172,0.9786604875977151,-1.0274804653051939,1778595125.7724075
-2.9320437813289617,0.9601724306680159,-0.8321776259566631,1778595127.3218155
-2.913409969535906,0.9446131125391423,-0.6415167853789603,1778595128.8629775
-2.876100891302407,0.9178879914035302,-0.6421158791929582,1778595130.4116442
-2.8493625414831887,0.8978897858048158,-0.728275638584205,1778595131.91639
-2.837058599563405,0.8808551106128032,-0.9207422528869923,1778595133.4225726
-2.8275078595761296,0.8619037657704562,-1.1123882755800412,1778595134.922821
-2.8218278641179086,0.8406213914925792,-1.3098928159204717,1778595136.4733045
-2.8131186764302742,0.7995476149903846,-1.3380761244390251,1778595138.0134337
-2.8041875837477463,0.7568516604154268,-1.3385299467330207,1778595139.5143352
-2.7964761790224766,0.722530904552599,-1.3361886745523777,1778595141.0204806
-2.796405074023865,0.7231047042219702,-1.336882927003023,1778595142.5231369
-2.7963349705275387,0.7236995489039381,-1.337729830995408,1778595144.0626645
-2.7935990221508975,0.7137586378599554,-1.3404607329914702,1778595145.6126266
-2.783372975043557,0.6719407701819238,-1.342446952179685,1778595147.1134572
-2.7732801315581463,0.6308501456138159,-1.344568834670702,1778595148.6224234
-2.763060586801908,0.5882834559718277,-1.344974959169912,1778595150.1726289
-2.753351696318685,0.5472452486607337,-1.3481946695918072,1778595151.674152
-2.743320963170376,0.505353319296858,-1.3484379056307652,1778595153.2145884
-2.7336163827856574,0.46344919177824884,-1.348075923095655,1778595154.763481
-2.727171824582266,0.4355236789745067,-1.4866028275068948,1778595156.2705047
-2.7262158742186524,0.4160711156468139,-1.6829981530284255,1778595157.773743
-2.73145812729331,0.38950648454137105,-1.8481345694509874,1778595159.323726
-2.743329449719489,0.34858288517341496,-1.8481347303331006,1778595160.863522
-2.7549863670941357,0.3088093727659704,-1.8480600514825465,1778595162.363758
-2.7660604996903198,0.26929200754001387,-1.850647550213715,1778595163.873546
-2.7781680869393237,0.22741120103511633,-1.850337012931573,1778595165.424341
-2.7901360181283605,0.18671033057329595,-1.8517597706224227,1778595166.9547834
-2.8021045327970326,0.14651310934953637,-1.8539050398943353,1778595168.462639
-2.8142526353584825,0.10620902726188026,-1.841070781589205,1778595169.964597
-2.82015165660104,0.08291751785575621,-1.642403758417221,1778595171.470636
-2.8216944193056475,0.05752789697559811,-1.4347356302880263,1778595173.025074
-2.8181065299018684,0.032619041512890135,-1.2299424872639817,1778595174.5303006
-2.8092754531523934,0.008698597160985328,-1.0236538577892398,1778595176.064769
-2.7957951996951844,-0.012893122667512151,-0.8150399503105159,1778595177.6146455
-2.7790529571133806,-0.02997989016640205,-0.6134028281875895,1778595179.1146688
-2.762311469349928,-0.041720842491107815,-0.43856193056257586,1778595180.6250775
-2.7614868202676717,-0.04383790297742521,-0.2816967674652882,1778595182.1268165
-2.7590616602785416,-0.04758027765174553,0.11995919151061107,1778595183.662827
-2.7555805705957974,-0.04854290194177976,0.5181336093036882,1778595185.1647208
-2.752013086734363,-0.045064052483485474,0.915476769126881,1778595186.6707962
-2.7493830671105663,-0.04108387031007743,1.3256748622349888,1778595188.225952
-2.7456704197148447,-0.03838244150807294,1.7316437292126141,1778595189.764465
-2.74149182762598,-0.03463813001756913,2.1314220114471167,1778595191.2659044
-2.739043210165054,-0.029915534694477372,2.539517708432004,1778595192.8157554
-2.7406771421900347,-0.02544817429030112,2.935746050069247,1778595194.315791
-2.7433390541385165,-0.022297557903357176,-3.036639065884291,1778595195.825704
-2.7801417506514525,-0.02624404569330531,-3.0321587307174895,1778595197.3258913
-2.811679343438418,-0.029645574076571066,-2.9211434892890775,1778595198.8678358
-2.8344996734565995,-0.035791389020718496,-2.7282644366275446,1778595200.4158466
-2.8550058266629192,-0.04600563078613189,-2.5399894917825514,1778595201.916883
-2.8726763057773033,-0.060031209211660566,-2.347880136666464,1778595203.4223485
-2.8884480602685723,-0.07757173505658027,-2.1554108929061684,1778595204.9573076
-2.908534447550798,-0.10995694770199223,-2.1147962625224603,1778595206.466014
-2.929925789326248,-0.14534999007256652,-2.1146926353087454,1778595207.967922
-2.9511609540780848,-0.18105278511091089,-2.1170063052984585,1778595209.4771185
-2.9727848689881995,-0.217393272718344,-2.117431136310705,1778595211.007398
-2.9934334621185577,-0.2523463000086004,-2.1177779818842297,1778595212.514011
-3.0146707985500805,-0.2876402163439129,-2.1204224745597697,1778595214.0169818
-3.026632024083147,-0.30539795339973796,-2.2891389430057414,1778595215.5169928
-3.040120561153024,-0.31895155795491875,-2.4813188034214577,1778595217.0264847
-3.0573831520238164,-0.3302183920709795,-2.6782668987618203,1778595218.5625217
-3.074894648898306,-0.33729421567381873,-2.868758510193775,1778595220.0670109
-3.094135477157368,-0.3409365894610347,-3.060581698860243,1778595221.5692034
-3.114154574510242,-0.3412475005920957,3.0303697628082373,1778595223.0772877
-3.1336248213200735,-0.33749764501014534,2.8335818025004147,1778595224.6268969
-3.1529248532760543,-0.32936929683803784,2.6388603436133042,1778595226.1579273
-3.1812814544039316,-0.31019030850252505,2.549487100523385,1778595227.6690395
-3.218304652610034,-0.28427270459309,2.551170665414733,1778595229.2180994
-3.2537596278529275,-0.2600777716957207,2.550151420760213,1778595230.7181375
-3.2889893825882517,-0.23574612985726134,2.548597801880024,1778595232.223545
-3.3255648802512674,-0.21033964162629595,2.5491921291604065,1778595233.7589376
-3.3615858348567595,-0.1854355592803478,2.5487961169107867,1778595235.2681265
-3.396695141171175,-0.16127333133315183,2.5478542650138025,1778595236.7684808
-3.4322855694171146,-0.1367498496011214,2.5477637280789915,1778595238.2776346
-3.4686864554037466,-0.1115941480911548,2.547159861137362,1778595239.827071
-3.5052652166549185,-0.08669705614116019,2.5481194592159175,1778595241.3576972
-3.528349145703777,-0.07086218773169473,2.679959468899122,1778595242.8692293
-3.5492572289971935,-0.06164001893326304,2.8785291086643143,1778595244.4181914
-3.5713008158298365,-0.05658033387679354,3.0705518958380495,1778595245.918461
-3.5938473442988155,-0.055675584747095434,-3.020122621856038,1778595247.4284625
-3.616023670236545,-0.0598794452563612,-2.823900833968113,1778595248.959219
-3.636820170345396,-0.06808009367494594,-2.6310697479659297,1778595250.46925
-3.668135971998321,-0.0874282323001308,-2.5834928486232402,1778595251.969695
-3.7028553173022667,-0.1095690765191188,-2.5827998573122417,1778595253.477384
-3.7387359104654476,-0.13188836439131457,-2.5828274078999716,1778595255.0272925
-3.775113451234038,-0.15470793595211893,-2.582850589187352,1778595256.5592806
-3.8108658777408815,-0.17718811189425795,-2.5832821167377644,1778595258.069321
-3.844308745017798,-0.19827634563510393,-2.576963609723248,1778595259.5693476
-3.8649581926506924,-0.2131910166256752,-2.4207159752023713,1778595261.074501
-3.896814350017563,-0.2417415945974339,-2.4205304838787995,1778595262.6291702
-3.9279898027496527,-0.2695846764259687,-2.4212999687858248,1778595264.1603408
-3.9591824968929203,-0.2971617655647724,-2.421458642649488,1778595265.6703677
-3.9915572436533138,-0.32573284425892585,-2.4213581677980476,1778595267.2195425
-4.022971371813869,-0.3533971697456049,-2.421911343877533,1778595268.7200568
-4.054399308256657,-0.3814543888298902,-2.420782074146728,1778595270.231308
-4.076412965858213,-0.4012479212896012,-2.298167286163936,1778595271.7594008
-4.0904731961332175,-0.4190896049815748,-2.105959001637181,1778595273.269404
-4.094039067816562,-0.4226585167866142,-1.822536606225342,1778595274.76956
-4.097681537040545,-0.4264378942881399,-1.4126827168108247,1778595276.320715
-4.101200796101012,-0.4307710425305239,-1.01444528804128,1778595277.8301835
-4.1027684524263845,-0.43560481344419066,-0.6067813077114174,1778595279.3594673
-4.101640072484664,-0.4399608611644354,-0.20624636123529883,1778595280.8694856
-4.098318040082531,-0.442782421730353,0.1928557944451827,1778595282.3718216
-4.094498800602071,-0.4432877213304803,0.5998758303966478,1778595283.907715
-4.0901628038778615,-0.4427201896665242,1.000747871204105,1778595285.4101355
-4.086899640696688,-0.4400084180210186,1.400790233985167,1778595286.9155731
-4.083432294498817,-0.43892668535512874,1.6643904867167147,1778595288.420573
-4.087404353636218,-0.3974371766997056,1.6646041700045133,1778595289.9267347
-4.091942359852531,-0.3531626491335453,1.6645141526106304,1778595291.460819
-4.096040728699068,-0.30790612982374055,1.6642369073822378,1778595293.0125754
-4.10017476603477,-0.2644842034813866,1.6635964435730435,1778595294.5205922
-4.105324475451559,-0.2324956823529666,1.7715371055462223,1778595296.0226283
-4.1138100509866025,-0.18941703369678667,1.7659862556654562,1778595297.5709543
-4.122497352407526,-0.14567706741124378,1.7637869613045674,1778595299.1127622
-4.130921968990119,-0.10305265270761826,1.763171714756733,1778595300.631557
-4.139392121317731,-0.05876812033708337,1.7618310875815548,1778595302.1616151
-4.147759521361647,-0.0163805406533871,1.7608001811052978,1778595303.6666665
-4.152557194495921,0.006412821172723157,1.9440710384588578,1778595305.170746
-4.167110775805912,0.03811758207472174,2.0487992000252437,1778595306.7123022
-4.187239937256164,0.07727269943933075,2.0481293278384802,1778595308.2127008
-4.202038479936998,0.10588330142985614,1.9434981837765672,1778595309.7217035
-4.208774392312602,0.12472135561459329,1.7535010891148113,1778595311.22275
-4.211888853804915,0.14533639628480288,1.5563062959970042,1778595312.7720969
-4.21045786467487,0.16594535821352774,1.3566307209123496,1778595314.3222978
-4.201113512602111,0.19832430113613925,1.2764232826413089,1778595315.8618112
-4.188304343501334,0.24034698671114088,1.2754523634454706,1778595317.4167738
-4.1758687964875065,0.28114791466343325,1.2761956060002717,1778595318.9168036
-4.163408072311931,0.3212406409670504,1.2743432462606994,1778595320.4218004
-4.1515660203988825,0.3594744654894667,1.2371182129315017,1778595321.9743752
-4.1429541230915055,0.37990151041829695,1.0444455271347481,1778595323.513204
-4.140536485180014,0.383972459316451,1.0112180799161672,1778595325.0138345
-4.121331356817572,0.41406455283829663,1.0044454220283774,1778595326.5198324
-4.09946022671619,0.4495390318873,1.0021427142128383,1778595328.023131
-4.0775930881004445,0.48596999062882473,1.004160419635629,1778595329.573305
-4.055171357827724,0.5227313120456674,1.0035886107647585,1778595331.1232033
-4.033083304964158,0.5581606209418551,1.0038217823903681,1778595332.6628869
-4.011707737193828,0.593306056664342,1.006662765102408,1778595334.163947
-3.9899588780319637,0.6286407059808609,1.0046082263407212,1778595335.6729352
-3.9692634972332344,0.6633295356277206,1.0069284138865846,1778595337.1741364
-3.9475551590329334,0.6991684899303242,1.0074327742338567,1778595338.7240634
-3.927921146370902,0.7309785410600158,1.0456133741098521,1778595340.2639956
-3.917540105825874,0.7513059183336164,1.2471919205139304,1778595341.8139477
-3.911080736642759,0.7725515493652609,1.439341269023216,1778595343.3202422
-3.908200332834074,0.7952798806023702,1.6320436660467572,1778595344.8243284
-3.91000019546835,0.8183537009122493,1.8251914498158843,1778595346.3280382
-3.916223134524835,0.8413319801220206,2.0224892815314623,1778595347.8641045
-3.926553668222407,0.8624165021132519,2.2153618018230734,1778595349.3649669
-3.9414176717104032,0.881498688770998,2.4113268274948356,1778595350.8740537
-3.9668224547015534,0.9033559700966116,2.5032477134819295,1778595352.3752377
-3.9967874555068352,0.9234357384306489,2.589944594515362,1778595353.9243078
-4.035221686521752,0.9481145246776869,2.588316808974056,1778595355.464045
-4.067554494568604,0.9690044601448453,2.5245817283565652,1778595357.01407
-4.084708652348024,0.983290729672844,2.333056744708429,1778595358.5254004
-4.103233042345387,1.006684290852836,2.191867096668713,1778595360.068496
-4.13004275038705,1.044909813351225,2.191430027027416,1778595361.6237674
-4.156219264532882,1.081909157428403,2.19349286302292,1778595363.1250007
-4.183236372521694,1.1202260149618684,2.1925002425490074,1778595364.665125
-4.2094473673461,1.157065791973176,2.192574926282282,1778595366.215136
-4.234909641138175,1.192900924437577,2.190776808969872,1778595367.7241504
-4.259564977665894,1.2287294982705401,2.1883566648703896,1778595369.2244256
-4.28430989381775,1.263927741175651,2.187865975086105,1778595370.7249105
-4.3094271361255,1.300600458551526,2.185655021357246,1778595372.265292
-4.3345059181711845,1.3372857331190333,2.1831488568533968,1778595373.814518
-4.356146890765202,1.3693482865620308,2.144119173068288,1778595375.3195302
-4.366216934129938,1.3867965602832897,1.9487192118813783,1778595376.824655
-4.372375944699507,1.4063052425194422,1.7468373937042359,1778595378.3746874
-4.373968225518101,1.4257156837308234,1.5481202934452922,1778595379.925536
-4.371549960036473,1.4453122977171453,1.347642672643428,1778595381.4653132
-4.365295799562295,1.4637135625115465,1.1530150434105155,1778595382.9663184
-4.355094689399848,1.4811288836740102,0.9574712689331708,1778595384.4764912
-4.340924581196936,1.4967658618349395,0.7555942963466646,1778595386.026023
-4.32195953390421,1.5108055656145032,0.5777492195205419,1778595387.566609
-4.2847753906307275,1.533752086330724,0.5757828667775821,1778595389.1114032
-4.249196947083082,1.556469364407281,0.5743035288549069,1778595390.618511
-4.212840056558164,1.579100951482635,0.5744535376338135,1778595392.1254334
-4.177022786288387,1.6012099871488634,0.5719095130441431,1778595393.6260257
-4.140693688045606,1.6240756581773828,0.5747594344761466,1778595395.1655953
-4.106350010862123,1.6454316029430789,0.5745415982869034,1778595396.667561
-4.0696412630736285,1.6683070104064444,0.5724675090766751,1778595398.2154868
-4.033282059850108,1.6910771024776936,0.5733569146326872,1778595399.722636
-3.9973614503264834,1.7133574507858311,0.5716412111379122,1778595401.2268162
-3.961384022918392,1.7366082486402385,0.574152771995641,1778595402.7614791
-3.925477111887327,1.7589432435514032,0.5760085502638089,1778595404.2629151
-3.8895387509371497,1.780976803397885,0.5760381686771296,1778595405.7666922
-3.8534258917974524,1.8040288665307807,0.5775109510555145,1778595407.2771783
-3.8159914095339746,1.8280205520916115,0.5783108760655735,1778595408.8265631
-3.778915412107443,1.8517678043472519,0.5798866167301858,1778595410.365759
-3.742514333183031,1.8751018127621553,0.5827583964519844,1778595411.8686566
-3.705075904549066,1.8991325619749961,0.5824045687330355,1778595413.416688
-3.677560909982684,1.916248668015898,0.4901988074050297,1778595414.9227412
-3.6575267146104213,1.9246286451744612,0.30075603433585996,1778595416.4271734
-3.6368183005608867,1.9293586045289177,0.10748368168090791,1778595417.9636147
-3.6153181468461866,1.9307021216090006,-0.0826405460554091,1778595419.4677184
-3.59498209104861,1.9282845024242834,-0.271707590807241,1778595420.9679315
-3.575003871206086,1.9221673538900659,-0.46878612026073596,1778595422.5268223
-3.556903734728853,1.9125907515139398,-0.6583847721758165,1778595424.0274892
-3.539932215229149,1.8997914083039475,-0.850182962573286,1778595425.5658443
-3.525658436373261,1.883743640102933,-1.0403797117243823,1778595427.0679033
-3.514286840678635,1.8650131093130458,-1.2366363762446317,1778595428.6178763
-3.507086287233296,1.845157668186842,-1.4280895673126033,1778595430.131043
-3.5044176658128197,1.8245257170602713,-1.6260508422898936,1778595431.6780455
-3.505512561323867,1.8040537103334102,-1.8215134963449433,1778595433.2282708
-3.5108005094728654,1.7842661800308304,-2.018711853844865,1778595434.7690463
-3.5200053803973472,1.7658757792534485,-2.217116379162747,1778595436.318066
-3.531838991525467,1.750762156237616,-2.4065093307068772,1778595437.8189893
-3.546618930174257,1.73806888610709,-2.5993881241294208,1778595439.3282523
-3.563513597743303,1.7284260781789835,-2.7928652995017793,1778595440.8592746
-3.5815454113775127,1.722695286499851,-2.983995823023068,1778595442.366078
-3.601828117699077,1.7205680961201215,3.116567482217953,1778595443.8690374
-3.6400210588375828,1.7216590004061418,3.114409511111344,1778595445.3691094
-3.639466593195864,1.7212791618468253,3.113860194088014,1778595446.9292858
-3.6393428481027117,1.720882924080243,3.11333570013383,1778595448.4584005
-3.650699300206016,1.7207873299942684,3.112334200494056,1778595449.970242
-3.6939003946204654,1.7216434463777956,3.111147278402571,1778595451.519315
-3.7363301906896393,1.722929674086312,3.1090228048410395,1778595453.0201805
-3.7795839316924815,1.7242857377718779,3.1080924357754265,1778595454.5702202
-3.8233267161084252,1.7256878242664722,3.1046010032705853,1778595456.1102366
-3.8664315749610556,1.7272344301372522,3.1047626461868503,1778595457.6296277
-3.9098385069330823,1.7285471538608757,3.1042172889286457,1778595459.171332
-3.954084281271,1.729884754445713,3.1016445880757955,1778595460.7162707
-3.987822052357914,1.7305022565440544,-3.0574047161909395,1778595462.2203348
-4.009030093593787,1.7277014819885645,-2.8813883424407347,1778595463.729946
-4.012690501126377,1.7272617650503561,-2.6047012377927534,1778595465.2609627
-4.0283853731378825,1.7153682130652974,-2.375588871381956,1778595466.7699246
-4.056192085960097,1.6882281998153392,-2.3553466389366498,1778595468.2705352
-4.086292954368759,1.6578427814161247,-2.3562409668777295,1778595469.820374
-4.117672092481048,1.626642836885629,-2.3585545270671293,1778595471.3704665
-4.14856330028597,1.5960966889949117,-2.361835874303906,1778595472.933186
-4.17824262210097,1.565879546771098,-2.3644540640005953,1778595474.4611394
-4.207781613241384,1.53618556794786,-2.3690014446256376,1778595475.9705725
-4.238052299890569,1.5061671117684463,-2.370858717771923,1778595477.5204628
-4.2684661678947355,1.476646563122148,-2.3756396734975973,1778595479.0225084
-4.286358344654603,1.458423899256348,-2.214260223753346,1778595480.5309927
-4.300461649805821,1.4386216205559865,-2.0216609075889673,1778595482.062784
-4.3107627505393,1.4166741386122148,-1.8326165723867076,1778595483.5686865
-4.317009524833367,1.3935554119148745,-1.645026076445401,1778595485.070584
-4.318684272366658,1.3699137655856375,-1.4567911552049733,1778595486.5717812
-4.315448998190494,1.3461103609774776,-1.2610823915434912,1778595488.133232
-4.304957787214913,1.3174301388653915,-1.121996278195448,1778595489.664901
-4.286357194353988,1.2772173018137551,-1.1243716255027985,1778595491.171605
-4.267627737450062,1.2365517433586812,-1.1218545845810093,1778595492.6716745
-4.248704580192352,1.1953003361625996,-1.1269602201543882,1778595494.1716907
-4.229206038599242,1.1531107633536755,-1.126840306161325,1778595495.7121563
-4.209911763319612,1.1111135343087521,-1.1263653154797086,1778595497.2616916
-4.1908954247740295,1.0697322990576943,-1.1274645130880556,1778595498.768728
-4.1720566231506515,1.0285965579221903,-1.1248208200118668,1778595500.271734
-4.152192531683598,0.9857464730848874,-1.1267080083131382,1778595501.821935
-4.133212387745809,0.9445390495205537,-1.1261827092114676,1778595503.329266
-4.113483282476378,0.9015365650235854,-1.125631513191484,1778595504.86183
-4.093885217672964,0.8583757094897871,-1.1251325041802454,1778595506.3728063
-4.073830834114007,0.8151501583041653,-1.1220762451349635,1778595507.9218214
-4.054749268875743,0.774189385693154,-1.1218356691349645,1778595509.422865
-4.044929508824873,0.7514050512432575,-1.305880447152797,1778595510.9737203
-4.040192777205031,0.7304160961385294,-1.5011228098990923,1778595512.5302129
-4.0401143849918215,0.709459073819039,-1.695774907361706,1778595514.0629334
-4.043947721247766,0.6900814120457989,-1.8858776619139632,1778595515.5689375
-4.0509833068180185,0.6712805697324138,-2.0758503974875646,1778595517.0729337
-4.06223263851633,0.6532336392441964,-2.2728881243752634,1778595518.623024
-4.078409678384309,0.6371969550473581,-2.4565496949602617,1778595520.133197
-4.113702373143961,0.6086284562615438,-2.4601291199226862,1778595521.662976
-4.14848166535107,0.5804983068758995,-2.4573484157000824,1778595523.174021
-4.18298594568742,0.5524652212250637,-2.4583764658146587,1778595524.675073
-4.218773412057454,0.523379965749962,-2.4586015427296957,1778595526.223399
-4.254718575038301,0.4944386887945146,-2.4563825256320055,1778595527.773789
-4.289705034998901,0.46592429548747855,-2.4572375663492196,1778595529.31394
-4.323890952881078,0.4379277396032312,-2.456336206087577,1778595530.8141294
-4.358480003177059,0.40955998673857047,-2.4557767620169373,1778595532.320091
-4.392806437826613,0.38138518006168487,-2.45494608332178,1778595533.823686
-4.428560338658803,0.35205887733659136,-2.454673306923938,1778595535.3739483
-4.463517754959716,0.3234338303893469,-2.452007859537317,1778595536.9139836
-4.497442370108708,0.29541006773922973,-2.4503900711798066,1778595538.4141772
-4.531187554143599,0.2672632868281063,-2.4515101268781,1778595539.9231808
-4.564521086284001,0.23933988786726176,-2.4528818737819282,1778595541.4241629
-4.597498711247747,0.2112608285512612,-2.4509195740453773,1778595542.9307227
-4.631616501423367,0.18272381832417378,-2.4505971393977566,1778595544.464345
-4.664914525420231,0.15505416262286753,-2.4504720575870245,1778595545.9702592
-4.698145776335262,0.12683390300855776,-2.4512375337459793,1778595547.4712963
-4.73176280121764,0.0986503267667467,-2.4516637276995534,1778595548.976225
-4.766362327229803,0.06945763189032503,-2.45222569525859,1778595550.535122
-4.800681085967283,0.04047621422888693,-2.4508225089894444,1778595552.065512
-4.834431896261751,0.0120316216976514,-2.449146239275695,1778595553.5743675
-4.86834681713779,-0.01645866334308101,-2.4530984301284535,1778595555.0744417
-4.903460581011007,-0.045975258860806764,-2.4535455082929465,1778595556.6253188
-4.937479354152143,-0.07428118843800545,-2.45145873009437,1778595558.1307216
-4.96563284827373,-0.0979496191715033,-2.374648559864337,1778595559.6645553
-4.981027116639749,-0.11514239400825135,-2.1805490353641934,1778595561.171476
-4.9929055302312095,-0.13532348411909975,-1.9896725669423991,1778595562.6745095
-5.000412000608274,-0.15663201804427493,-1.7972598141310356,1778595564.1757088
-5.00359632098862,-0.17925237673506106,-1.601388526892295,1778595565.715572
-5.002164910811052,-0.20258618896679334,-1.4030764430261646,1778595567.2656631
-4.995613849900668,-0.24588353787239076,-1.3947598437345785,1778595568.773577
-4.989070390012753,-0.2894797935721745,-1.3961119055945186,1778595570.2755756
-4.981824925702279,-0.3339828745193293,-1.3955221453947577,1778595571.826173
-4.975597900601437,-0.37880768474559734,-1.3974387471818073,1778595573.376294
-4.969418391888739,-0.42215257160026637,-1.3979020872530756,1778595574.9117324
-4.963338985843993,-0.4649627656385353,-1.398674418400396,1778595576.4175763
-4.956962141984538,-0.5075809706759932,-1.3993254582862638,1778595577.925653
-4.950596498095569,-0.551280116637568,-1.3986507016470318,1778595579.4756444
-4.944802629939611,-0.5957652472430148,-1.40074108135147,1778595581.0168622
-4.938611797052235,-0.6389888059236309,-1.4016078350784402,1778595582.5186832
-4.931720684286073,-0.683105501535712,-1.4020892279003054,1778595584.0666747
-4.926178833736537,-0.7248171908975157,-1.387592944984182,1778595585.572717
-4.918604713286595,-0.7499638515440722,-1.2301649377610284,1778595587.0771532
-4.903521004947336,-0.7922574278299931,-1.231598277684011,1778595588.6164436
-4.888228321005717,-0.834630322312739,-1.23404524177237,1778595590.1667666
-4.873311217718381,-0.8771331289147376,-1.2367488080819984,1778595591.7168584
-4.858092194280753,-0.9193747817405536,-1.236441748812191,1778595593.2688174
-4.843526415511156,-0.9610988185815478,-1.2370975875941783,1778595594.7768135
-4.828593080829369,-1.0039680281576921,-1.2384280747054446,1778595596.3269491
-4.817253510951611,-1.03455640882369,-1.124160578710157,1778595597.877833
-4.801041119504412,-1.0621522504817016,-0.9930331156542594,1778595599.427388
-4.776520553379881,-1.100183397320698,-0.9991281813396603,1778595600.9675994
-4.7530179015614635,-1.1372280189184365,-0.9993906754998054,1778595602.4683645
-4.729565596502594,-1.1741483566559683,-1.0021167193208391,1778595603.9741502
-4.706620376698693,-1.2108968536932116,-1.0050360683994306,1778595605.477971
-4.683867440970479,-1.24782575010471,-1.0057757621749728,1778595606.978013
-4.660698511680859,-1.285653903089071,-1.0065639998011917,1778595608.518118
-4.651385058855603,-1.3050193797100331,-1.201071915402625,1778595610.068956
-4.646103826271944,-1.32573376818873,-1.3928668073487602,1778595611.5769932
-4.644890774030669,-1.3474528014166691,-1.5853019857970148,1778595613.078038
-4.648036057844065,-1.3695086551949816,-1.781863208716612,1778595614.615279
-4.655148041627656,-1.3901235120097557,-1.9726659223334573,1778595616.118007
-4.6662823555666275,-1.4093061884381186,-2.16347977815755,1778595617.6185524
-4.6889351604716545,-1.4367404274295068,-2.24364232465613,1778595619.1292915
-4.716580266609448,-1.4707701674482179,-2.243282463936595,1778595620.6293004
-4.744597482174402,-1.5048399541321804,-2.242954156718021,1778595622.169085
-4.771582532962413,-1.5380164671461094,-2.239725409076378,1778595623.6691074
-4.798919207553174,-1.571445375200105,-2.239783447523298,1778595625.1781394
-4.8258315329729085,-1.6044339048691865,-2.241998939523669,1778595626.678928
-4.853989374058279,-1.6390035134198504,-2.2424555918077855,1778595628.2287135
-4.882098247752937,-1.6729264090134992,-2.243660495108287,1778595629.7692354
-4.894900937559566,-1.6887536867378912,-2.3760326459647465,1778595631.3191855
-4.890846194107349,-1.6883964431732035,-2.773721473374145,1778595632.8227208
-4.887266135337967,-1.690430409532679,3.108322203333106,1778595634.3293529
-4.885429124713492,-1.6941352743482123,2.7038755486178365,1778595635.8596015
-4.8856417317954985,-1.6983646616932961,2.301787971637672,1778595637.3702471
-4.888154328437058,-1.7026219531388256,1.9047846917388886,1778595638.8702571
-4.89213235922289,-1.7058088938713323,1.5089903135127944,1778595640.3782983
-4.896889425512673,-1.707387476056765,1.0989776264437392,1778595641.9265552
-4.90177554587823,-1.7080315454383121,0.7003590327160304,1778595643.4293916
-4.906802982202043,-1.7067784295369508,0.2952499701591198,1778595644.969402
-4.909227953081421,-1.7047821397358567,0.1254591909830122,1778595646.4703722
-4.905737625526367,-1.7054463442751586,0.523394889780916,1778595647.9794357
-4.901275581583287,-1.7044436228075095,0.9279963486760963,1778595649.5096018
-4.897370996074676,-1.7019273683828633,1.3291625192809697,1778595651.021206
-4.893415107137128,-1.698293407698565,1.7349530667556468,1778595652.5695496
-4.890351763568216,-1.6934794279032752,2.1307743734421862,1778595654.0714164
-4.890950169784204,-1.6934897272909057,2.023317829482841,1778595655.5774782
-4.893998367725276,-1.6967303637434592,1.61921826875116,1778595657.110483
-4.897831594417834,-1.6986511957021457,1.218784959276685,1778595658.6154811
-4.90187121437085,-1.6994737634199437,0.8736425941897409,1778595660.120546
-4.875797895607367,-1.6688631521667583,0.8679888790403016,1778595661.6245372
-4.848973154774557,-1.6367606433009247,0.8670788536465649,1778595663.1313634
-4.821530577967727,-1.6042979599959972,0.8638160877537568,1778595664.6612089
-4.794877452177137,-1.571684060044515,0.8644966316599658,1778595666.1705644
-4.767993417932961,-1.5396476823307346,0.8634388598605948,1778595667.6716015
-4.741328681911674,-1.5074841854194954,0.8603133732348761,1778595669.179835
-4.71329000649923,-1.4742322885247336,0.8603679611068489,1778595670.7327602
-4.694877603177897,-1.4523477225370758,0.9956399593542751,1778595672.2622538
-4.682744946990242,-1.4322622437515737,1.187895912611827,1778595673.771597
-4.672563268549794,-1.4020382047452131,1.2824323359713898,1778595675.2756891
-4.66690216071467,-1.3799425349345056,1.4738824321736033,1778595676.781694
-4.665115240702628,-1.356532465193751,1.6686833827140692,1778595678.311794
-4.667843222084467,-1.3334007269198156,1.8608344438676552,1778595679.821926
-4.676081725895816,-1.3088202872700456,2.0431447522760644,1778595681.3717513
-4.695611623647926,-1.2707052537326784,2.043489373017081,1778595682.8727195
-4.714976743795392,-1.2329183966704163,2.0413454838742546,1778595684.3799613
-4.734255399108017,-1.1946296800701712,2.0271940963976256,1778595685.93325
-4.742492851293854,-1.1736284118263938,1.8496546757986354,1778595687.462535
-4.754431298054496,-1.133126659963095,1.8460305441422524,1778595688.9717538
-4.76568147800445,-1.092342202233827,1.8438539347931688,1778595690.4728248
-4.777345022080146,-1.0519814542150083,1.8415928051417425,1778595691.9829514
-4.789185540410323,-1.010348706465795,1.8423402968457063,1778595693.5327373
-4.800798615298041,-0.9695606322968908,1.8406015850480932,1778595695.0632403
-4.811939056495025,-0.9288631015394717,1.8411312805314988,1778595696.5731888
-4.8248266957011445,-0.8855133125984787,1.8419813772927256,1778595698.1229985
-4.834884172385445,-0.8514782860239436,1.779315558207701,1778595699.6233366
-4.838425862875179,-0.8262470662096636,1.6259750243169782,1778595701.133237
-4.841290963863857,-0.7828795942688211,1.6221844228308688,1778595702.6627505
-4.84408606898386,-0.739980600281976,1.6229229629657977,1778595704.1689098
-4.846981379084835,-0.6978206170664661,1.6232101502157792,1778595705.6729896
-4.850141480180317,-0.6559659874594053,1.6230486142729939,1778595707.1834445
-4.8533855526055865,-0.6120749749542721,1.624540186048688,1778595708.733184
-4.855031515603383,-0.5852476685049998,1.7807525262968973,1778595710.2640834
-4.860229366654673,-0.5624129928298828,1.9735507689979175,1778595711.7710395
-4.869595561379439,-0.5412934047683776,2.1640554769245353,1778595713.2740386
-4.883127204075198,-0.5221080856800373,2.360825300000888,1778595714.8151422
-4.911957389727707,-0.494594766815859,2.408475316614789,1778595716.3638823
-4.943117179669102,-0.46486289622254784,2.4070248505316685,1778595717.864169
-4.97423960610137,-0.43542050408854127,2.406206243386745,1778595719.3740728
-5.005021033470943,-0.4060877571966802,2.4048303551372894,1778595720.8741522
-5.037151744484396,-0.37547003604798784,2.402093347358915,1778595722.4242096
-5.067831860135611,-0.3457515033404573,2.399746569353326,1778595723.934234
-5.098826639314486,-0.31608036837089204,2.3982388985708676,1778595725.4651742
-5.1296913199336505,-0.28641992378009523,2.399725540512453,1778595726.9723785
-5.160602113221938,-0.2565873840746682,2.4001749534828596,1778595728.4741986
-5.191754295905658,-0.22659698515624158,2.3993329181132523,1778595729.9810753
-5.2236147812514435,-0.19593662655392666,2.3989740569623397,1778595731.533877
-5.254975183308798,-0.16618159371719105,2.39974389640202,1778595733.0693054
-5.286023609833875,-0.13661769719894304,2.399197616558343,1778595734.5762274
-5.318506833916935,-0.1056582391820786,2.3989281341363595,1778595736.1252637
-5.350224386048045,-0.07593718768287326,2.399471037177839,1778595737.6253512
-5.354785328115003,-0.06768611615625222,2.6706171113064503,1778595739.1344955
-5.3577143886829575,-0.061909349399574744,3.0767284935386567,1778595740.6644094
-5.362504212010738,-0.057547661873178106,-2.8063162725174884,1778595742.1733336
-5.367840146610244,-0.05546893332848864,-2.4110696252808785,1778595743.6743813
-5.373507663996539,-0.05524736154185648,-2.001378807020698,1778595745.2259328
-5.378538041749089,-0.05634278806590518,-1.6015976531113703,1778595746.7355993
-5.383777575037468,-0.05764459291320897,-1.1970048805959095,1778595748.265521
-5.3883185513826675,-0.059559601375800054,-0.8579761045818326,1778595749.7763708
-5.389625525898851,-0.05812396518148061,-0.8575722885282445,1778595751.2764604
-5.390828167926225,-0.056979165836275776,-0.8570212003685228,1778595752.8261771
-5.393088009205508,-0.05780405706407195,-0.7145838251798621,1778595754.367798
-5.395031047552458,-0.06064038102406215,-0.318966049322987,1778595755.9155595
-5.394806775504395,-0.06325208447842535,0.07021584088407841,1778595757.4225037
-5.393573897126056,-0.06430240436129667,0.458176577748551,1778595758.925505
-5.391474766715604,-0.06358421072221725,0.8563153977867183,1778595760.4755464
-5.389516749084405,-0.06203300660903881,1.2484389084087721,1778595762.0113776
-5.387575382194123,-0.060053500690129796,1.6306298345238692,1778595763.515628
-5.3854358015678425,-0.05708181041280485,2.018167830553519,1778595765.026587
-5.3847138744475505,-0.053105484333445085,2.4051096126210902,1778595766.526604
-5.404548365496163,-0.03777593095767166,2.5994341686078566,1778595768.0766838
-5.442729747818285,-0.014323507689864859,2.600072629467518,1778595769.614644
-5.479182817366754,0.008452750973071032,2.59966584856081,1778595771.116751
-5.51600133765057,0.031380170277558045,2.60035915489972,1778595772.6227202
-5.552359341080491,0.05377915271997949,2.6032213689026156,1778595774.12666
-5.588308488520537,0.07624013118434601,2.6018194278367694,1778595775.6307466
-5.6254535677225075,0.09934626379958528,2.601764928550588,1778595777.18736
-5.661564044617842,0.12143935555778018,2.603307465055057,1778595778.7167375
-5.696648068814494,0.14370822639094682,2.601225653055413,1778595780.2267094
-5.731565700081102,0.16543338349007847,2.604391235049236,1778595781.7267454
-5.767659683116898,0.18774226177307446,2.6056989945960556,1778595783.278989
-5.803694494906017,0.20977056786607357,2.602984428386795,1778595784.8152394
-5.838251602380926,0.231246949533289,2.6044994860535247,1778595786.3179965
-5.8728558372026995,0.25280257317469046,2.6027985158048437,1778595787.823079
-5.8967965010195496,0.26757421627013445,2.7441646929107986,1778595789.3727877
-5.917360650209239,0.2755111443098941,2.9320126884916546,1778595790.8779736
-5.940212930561584,0.2795577763519648,3.1256956044187527,1778595792.4288557
-5.962742022147827,0.2790185395380308,-2.9647916514028574,1778595793.9676206
-5.988295987448361,0.27285467720439444,-2.816018639984195,1778595795.4678438
-6.026983761692248,0.2600715409043527,-2.815581477020886,1778595796.9778333
-6.065669825716047,0.24757479058366713,-2.815612152632327,1778595798.477912
-6.105877938644893,0.23461326696321264,-2.816872544307542,1778595800.0293448
-6.145178558020945,0.2216014917830052,-2.817361780170342,1778595801.5680318
-6.183769973933152,0.20875962905949266,-2.816395589195615,1778595803.068941
-6.220526903866261,0.19663512544575573,-2.818442626969423,1778595804.5749338
-6.26287124277572,0.18230817838987323,-2.8201095400913396,1778595806.1292984
-6.304773310072135,0.1680556520421346,-2.8233228248299422,1778595807.6798627
-6.345929492052255,0.15427076713409835,-2.820083351998785,1778595809.2288282
-6.369115920265301,0.14512126726652355,-2.660973333394408,1778595810.7690132
-6.397299019324956,0.12763300133660202,-2.579295944697638,1778595812.2690415
-6.433037856099734,0.1048002704412058,-2.5831687380558277,1778595813.777058
-6.470920644899392,0.08090705202167088,-2.5847157266139855,1778595815.329091
-6.5086460275142715,0.0571796982533847,-2.585107035430667,1778595816.871313
-6.527387857655174,0.04325157532896948,-2.3958690721135674,1778595818.4300857
-6.542708559058011,0.02630761839779041,-2.1986608254014475,1778595819.969196
-6.554142934980623,0.007457837822843817,-2.0100732320852814,1778595821.470118
-6.569190841355799,-0.028966620513266872,-1.9604035292053796,1778595822.9801388
-6.585983669740318,-0.07087357888923866,-1.9620808401349488,1778595824.5302958
-6.60237938049192,-0.11160999466301925,-1.9637307810421785,1778595826.0307462
-6.619463746168915,-0.1542182169391666,-1.9635323854300524,1778595827.5702665
-6.633596526256551,-0.19085511139393604,-1.903693626923368,1778595829.1201673
-6.639356049686118,-0.2138296968658209,-1.7112739067132774,1778595830.6261969
-6.643567619888749,-0.2550928865283974,-1.6737464188737885,1778595832.1295187
-6.6477540826021615,-0.29984203684299265,-1.6742397621041336,1778595833.6341305
-6.652498814334855,-0.3449863113468034,-1.6752368584398791,1778595835.1696196
-6.655400317582054,-0.37701726974233746,-1.5671771644712862,1778595836.6712878
-6.653568117493945,-0.3999050631289168,-1.373860960416712,1778595838.180342
-6.6442212677057615,-0.44432335257780475,-1.3644306660719898,1778595839.7301028
-6.634978810039326,-0.489096867593217,-1.3650074131781598,1778595841.269059
-6.626022133622219,-0.5327918510480112,-1.3676259265819104,1778595842.7713282
-6.6199331149042795,-0.5661285898905443,-1.462291614975457,1778595844.27135
-6.615242781685385,-0.6108913186533047,-1.4624402624756105,1778595845.7813694
-6.610526004687741,-0.6445489554932671,-1.364700446226525,1778595847.3272755
-6.6009344895578455,-0.6900154308710323,-1.3653976448627083,1778595848.8707902
-6.600873135467736,-0.7032201267311747,-1.1494217222177405,1778595850.4312348
-6.604272510951082,-0.7071149525983913,-0.7437499163851264,1778595851.970384
-6.6041031715451055,-0.7114927825313833,-0.3460061926258866,1778595853.4704478
-6.60303557200609,-0.7139109416686388,-0.14636970286077985,1778595854.9795897
-6.603317005526245,-0.7134412545307871,-0.2034253337859667,1778595856.5312483
-6.603932846139461,-0.7096377467482666,-0.6140553067107972,1778595858.0678108
-6.602963195413049,-0.7048426637400828,-0.96824757877871,1778595859.5705662
-6.58081366920168,-0.738048199538911,-0.9841490652182361,1778595861.071515
-6.55708340866593,-0.7732418234342086,-0.9782071941500293,1778595862.57686
-6.531872022580449,-0.8103399334804525,-0.9783246970019824,1778595864.1321836
-6.506781907016414,-0.8482906145466672,-0.9831651834235566,1778595865.672025
-6.481784626348113,-0.8860292114506179,-0.9838197646327931,1778595867.2216125
-6.457237186221053,-0.9236933296736941,-0.9866146655630506,1778595868.7725737
-6.43167900791696,-0.9620454002698549,-0.9874609399325148,1778595870.321637
-6.407259143083425,-0.9991600030348983,-0.9874457278254031,1778595871.8286085
-6.383060069674388,-1.036207523433838,-0.9900622192862549,1778595873.332358
-6.358329274780704,-1.0739435222888352,-0.9897276184795905,1778595874.872727
-6.333376109080465,-1.1116372578753386,-0.9905110523886138,1778595876.417796
-6.309919692094681,-1.1478043676458,-0.9954699861681956,1778595877.9226525
-6.286019108529756,-1.1844819417387669,-0.9962351985535662,1778595879.4329555
-6.261257951090483,-1.2223572737780408,-0.9990881954133062,1778595880.9829018
-6.237245797967559,-1.2598201923854901,-1.0015262118028543,1778595882.5126512
-6.214088794132834,-1.2958598420312122,-1.000983486892951,1778595884.0208669
-6.190923859847823,-1.3322073722833003,-1.0070438830550743,1778595885.5227208
-6.1683957255095425,-1.3681847375700802,-1.0068761915214057,1778595887.028829
-6.149361752989942,-1.39731451882375,-0.9168486452447441,1778595888.5828729
-6.1229388715934405,-1.4322421632831872,-0.9215344307862147,1778595890.1179974
-6.1006629683075895,-1.4623212321516692,-0.8653723322364275,1778595891.622825
-6.074589574257394,-1.491974020578558,-0.8309094649583154,1778595893.123273
-6.045075713076805,-1.52466793984041,-0.834653148249846,1778595894.6337235
-6.014774433793732,-1.5588768291122153,-0.8357407091992654,1778595896.1829965
-5.9856424160241755,-1.5921318692273472,-0.8359146665932776,1778595897.714744
-5.956372337055177,-1.6249200969961082,-0.838299916147633,1778595899.2218535
-5.927582447179926,-1.657528378197842,-0.8377349338413368,1778595900.7238514
-5.8978482593459765,-1.6907062202475376,-0.8415613220860674,1778595902.2298648
-5.867492253044535,-1.7253436635981838,-0.8427945636470546,1778595903.733381
-5.836667275042188,-1.7606837361670515,-0.8439809442788998,1778595905.269916
-5.805538271149029,-1.7961606928151808,-0.8458877884603787,1778595906.7739406
-5.773844813215923,-1.8321404567624966,-0.8472675986209108,1778595908.3234608
-5.743868050826167,-1.8666906770274236,-0.84924993366897,1778595909.8341482
-5.719962489284346,-1.893656723515396,-0.9367949026874274,1778595911.36476
-5.706794559513498,-1.9124015380207628,-1.1312086007804796,1778595912.8731186
-5.695555423301168,-1.9399732328896735,-1.2008361212480378,1778595914.375086
-5.680675936879779,-1.9724908831854249,-1.118398958217891,1778595915.8751743
-5.659798615194922,-2.014917029518374,-1.1230340987612097,1778595917.4353485
-5.639652537430151,-2.0558073673436015,-1.1224548991849808,1778595918.985191
-5.61957356900967,-2.097010204030064,-1.12500698725995,1778595920.5214076
-5.600461941571093,-2.1363688287589886,-1.1285676995128782,1778595922.0251691
-5.602534719808415,-2.140303032835244,-0.8201763301231318,1778595923.5261326
-5.603485900034841,-2.145145563619649,-0.42226013236886223,1778595925.0345075
-5.6016079546493405,-2.149378416807204,-0.02652297770378254,1778595926.5370345
-5.599124850491991,-2.152073823476038,0.37683523280490927,1778595928.073188
-5.5955507257286445,-2.1496173741670552,0.7726286448741962,1778595929.575348
-5.592433675991567,-2.146026797151495,1.1842414273152069,1778595931.125249
-5.589063989724663,-2.1432518296805605,1.5941459054114437,1778595932.6744275
-5.5848939181662915,-2.140328605173984,1.9905658409229663,1778595934.1813128
-5.580039877991267,-2.136339678854689,2.398365696151144,1778595935.7172794
-5.5799091399698515,-2.135631825664841,2.437706144041286,1778595937.226286
-5.579910486083534,-2.13564904943763,2.4376179797455615,1778595938.7273178
-5.579911988577886,-2.1356448624275752,2.437660203372881,1778595940.235664
-5.579912706489068,-2.135634268877822,2.4377488151205213,1778595941.7658925
